o SM_StellarRepulsionDome
v 0.00000000 0.00000000 50.00000000
v 3.27015646 0.00000000 49.89294616
v 3.25440976 0.32053138 49.89294616
v 3.20732132 0.63797588 49.89294616
v 3.12934462 0.94927631 49.89294616
v 3.02123062 1.25143470 49.89294616
v 2.88402052 1.54154108 49.89294616
v 2.71903573 1.81680159 49.89294616
v 2.52786513 2.07456530 49.89294616
v 2.31234981 2.31234981 49.89294616
v 2.07456530 2.52786513 49.89294616
v 1.81680159 2.71903573 49.89294616
v 1.54154108 2.88402052 49.89294616
v 1.25143470 3.02123062 49.89294616
v 0.94927631 3.12934462 49.89294616
v 0.63797588 3.20732132 49.89294616
v 0.32053138 3.25440976 49.89294616
v 0.00000000 3.27015646 49.89294616
v -0.32053138 3.25440976 49.89294616
v -0.63797588 3.20732132 49.89294616
v -0.94927631 3.12934462 49.89294616
v -1.25143470 3.02123062 49.89294616
v -1.54154108 2.88402052 49.89294616
v -1.81680159 2.71903573 49.89294616
v -2.07456530 2.52786513 49.89294616
v -2.31234981 2.31234981 49.89294616
v -2.52786513 2.07456530 49.89294616
v -2.71903573 1.81680159 49.89294616
v -2.88402052 1.54154108 49.89294616
v -3.02123062 1.25143470 49.89294616
v -3.12934462 0.94927631 49.89294616
v -3.20732132 0.63797588 49.89294616
v -3.25440976 0.32053138 49.89294616
v -3.27015646 0.00000000 49.89294616
v -3.25440976 -0.32053138 49.89294616
v -3.20732132 -0.63797588 49.89294616
v -3.12934462 -0.94927631 49.89294616
v -3.02123062 -1.25143470 49.89294616
v -2.88402052 -1.54154108 49.89294616
v -2.71903573 -1.81680159 49.89294616
v -2.52786513 -2.07456530 49.89294616
v -2.31234981 -2.31234981 49.89294616
v -2.07456530 -2.52786513 49.89294616
v -1.81680159 -2.71903573 49.89294616
v -1.54154108 -2.88402052 49.89294616
v -1.25143470 -3.02123062 49.89294616
v -0.94927631 -3.12934462 49.89294616
v -0.63797588 -3.20732132 49.89294616
v -0.32053138 -3.25440976 49.89294616
v -0.00000000 -3.27015646 49.89294616
v 0.32053138 -3.25440976 49.89294616
v 0.63797588 -3.20732132 49.89294616
v 0.94927631 -3.12934462 49.89294616
v 1.25143470 -3.02123062 49.89294616
v 1.54154108 -2.88402052 49.89294616
v 1.81680159 -2.71903573 49.89294616
v 2.07456530 -2.52786513 49.89294616
v 2.31234981 -2.31234981 49.89294616
v 2.52786513 -2.07456530 49.89294616
v 2.71903573 -1.81680159 49.89294616
v 2.88402052 -1.54154108 49.89294616
v 3.02123062 -1.25143470 49.89294616
v 3.12934462 -0.94927631 49.89294616
v 3.20732132 -0.63797588 49.89294616
v 3.25440976 -0.32053138 49.89294616
v 6.52630961 0.00000000 49.57224307
v 6.49488365 0.63969020 49.57224307
v 6.40090840 1.27321984 49.57224307
v 6.24528891 1.89448768 49.57224307
v 6.02952387 2.49751056 49.57224307
v 5.75569122 3.07648105 49.57224307
v 5.42642812 3.62582335 49.57224307
v 5.04490555 4.14024699 49.57224307
v 4.61479778 4.61479778 49.57224307
v 4.14024699 5.04490555 49.57224307
v 3.62582335 5.42642812 49.57224307
v 3.07648105 5.75569122 49.57224307
v 2.49751056 6.02952387 49.57224307
v 1.89448768 6.24528891 49.57224307
v 1.27321984 6.40090840 49.57224307
v 0.63969020 6.49488365 49.57224307
v 0.00000000 6.52630961 49.57224307
v -0.63969020 6.49488365 49.57224307
v -1.27321984 6.40090840 49.57224307
v -1.89448768 6.24528891 49.57224307
v -2.49751056 6.02952387 49.57224307
v -3.07648105 5.75569122 49.57224307
v -3.62582335 5.42642812 49.57224307
v -4.14024699 5.04490555 49.57224307
v -4.61479778 4.61479778 49.57224307
v -5.04490555 4.14024699 49.57224307
v -5.42642812 3.62582335 49.57224307
v -5.75569122 3.07648105 49.57224307
v -6.02952387 2.49751056 49.57224307
v -6.24528891 1.89448768 49.57224307
v -6.40090840 1.27321984 49.57224307
v -6.49488365 0.63969020 49.57224307
v -6.52630961 0.00000000 49.57224307
v -6.49488365 -0.63969020 49.57224307
v -6.40090840 -1.27321984 49.57224307
v -6.24528891 -1.89448768 49.57224307
v -6.02952387 -2.49751056 49.57224307
v -5.75569122 -3.07648105 49.57224307
v -5.42642812 -3.62582335 49.57224307
v -5.04490555 -4.14024699 49.57224307
v -4.61479778 -4.61479778 49.57224307
v -4.14024699 -5.04490555 49.57224307
v -3.62582335 -5.42642812 49.57224307
v -3.07648105 -5.75569122 49.57224307
v -2.49751056 -6.02952387 49.57224307
v -1.89448768 -6.24528891 49.57224307
v -1.27321984 -6.40090840 49.57224307
v -0.63969020 -6.49488365 49.57224307
v -0.00000000 -6.52630961 49.57224307
v 0.63969020 -6.49488365 49.57224307
v 1.27321984 -6.40090840 49.57224307
v 1.89448768 -6.24528891 49.57224307
v 2.49751056 -6.02952387 49.57224307
v 3.07648105 -5.75569122 49.57224307
v 3.62582335 -5.42642812 49.57224307
v 4.14024699 -5.04490555 49.57224307
v 4.61479778 -4.61479778 49.57224307
v 5.04490555 -4.14024699 49.57224307
v 5.42642812 -3.62582335 49.57224307
v 5.75569122 -3.07648105 49.57224307
v 6.02952387 -2.49751056 49.57224307
v 6.24528891 -1.89448768 49.57224307
v 6.40090840 -1.27321984 49.57224307
v 6.49488365 -0.63969020 49.57224307
v 9.75451610 0.00000000 49.03926402
v 9.70754544 0.95610977 49.03926402
v 9.56708581 1.90301169 49.03926402
v 9.33448991 2.83158656 49.03926402
v 9.01199778 3.73289170 49.03926402
v 8.60271517 4.59824706 49.03926402
v 8.11058372 5.41931878 49.03926402
v 7.54034291 6.18819950 49.03926402
v 6.89748448 6.89748448 49.03926402
v 6.18819950 7.54034291 49.03926402
v 5.41931878 8.11058372 49.03926402
v 4.59824706 8.60271517 49.03926402
v 3.73289170 9.01199778 49.03926402
v 2.83158656 9.33448991 49.03926402
v 1.90301169 9.56708581 49.03926402
v 0.95610977 9.70754544 49.03926402
v 0.00000000 9.75451610 49.03926402
v -0.95610977 9.70754544 49.03926402
v -1.90301169 9.56708581 49.03926402
v -2.83158656 9.33448991 49.03926402
v -3.73289170 9.01199778 49.03926402
v -4.59824706 8.60271517 49.03926402
v -5.41931878 8.11058372 49.03926402
v -6.18819950 7.54034291 49.03926402
v -6.89748448 6.89748448 49.03926402
v -7.54034291 6.18819950 49.03926402
v -8.11058372 5.41931878 49.03926402
v -8.60271517 4.59824706 49.03926402
v -9.01199778 3.73289170 49.03926402
v -9.33448991 2.83158656 49.03926402
v -9.56708581 1.90301169 49.03926402
v -9.70754544 0.95610977 49.03926402
v -9.75451610 0.00000000 49.03926402
v -9.70754544 -0.95610977 49.03926402
v -9.56708581 -1.90301169 49.03926402
v -9.33448991 -2.83158656 49.03926402
v -9.01199778 -3.73289170 49.03926402
v -8.60271517 -4.59824706 49.03926402
v -8.11058372 -5.41931878 49.03926402
v -7.54034291 -6.18819950 49.03926402
v -6.89748448 -6.89748448 49.03926402
v -6.18819950 -7.54034291 49.03926402
v -5.41931878 -8.11058372 49.03926402
v -4.59824706 -8.60271517 49.03926402
v -3.73289170 -9.01199778 49.03926402
v -2.83158656 -9.33448991 49.03926402
v -1.90301169 -9.56708581 49.03926402
v -0.95610977 -9.70754544 49.03926402
v -0.00000000 -9.75451610 49.03926402
v 0.95610977 -9.70754544 49.03926402
v 1.90301169 -9.56708581 49.03926402
v 2.83158656 -9.33448991 49.03926402
v 3.73289170 -9.01199778 49.03926402
v 4.59824706 -8.60271517 49.03926402
v 5.41931878 -8.11058372 49.03926402
v 6.18819950 -7.54034291 49.03926402
v 6.89748448 -6.89748448 49.03926402
v 7.54034291 -6.18819950 49.03926402
v 8.11058372 -5.41931878 49.03926402
v 8.60271517 -4.59824706 49.03926402
v 9.01199778 -3.73289170 49.03926402
v 9.33448991 -2.83158656 49.03926402
v 9.56708581 -1.90301169 49.03926402
v 9.70754544 -0.95610977 49.03926402
v 12.94095226 0.00000000 48.29629131
v 12.87863803 1.26843513 48.29629131
v 12.69229549 2.52465454 48.29629131
v 12.38371920 3.75656015 48.29629131
v 11.95588092 4.95228803 48.29629131
v 11.41290097 6.10032266 48.29629131
v 10.76000855 7.18960786 48.29629131
v 10.00349137 8.20965320 48.29629131
v 9.15063509 9.15063509 48.29629131
v 8.20965320 10.00349137 48.29629131
v 7.18960786 10.76000855 48.29629131
v 6.10032266 11.41290097 48.29629131
v 4.95228803 11.95588092 48.29629131
v 3.75656015 12.38371920 48.29629131
v 2.52465454 12.69229549 48.29629131
v 1.26843513 12.87863803 48.29629131
v 0.00000000 12.94095226 48.29629131
v -1.26843513 12.87863803 48.29629131
v -2.52465454 12.69229549 48.29629131
v -3.75656015 12.38371920 48.29629131
v -4.95228803 11.95588092 48.29629131
v -6.10032266 11.41290097 48.29629131
v -7.18960786 10.76000855 48.29629131
v -8.20965320 10.00349137 48.29629131
v -9.15063509 9.15063509 48.29629131
v -10.00349137 8.20965320 48.29629131
v -10.76000855 7.18960786 48.29629131
v -11.41290097 6.10032266 48.29629131
v -11.95588092 4.95228803 48.29629131
v -12.38371920 3.75656015 48.29629131
v -12.69229549 2.52465454 48.29629131
v -12.87863803 1.26843513 48.29629131
v -12.94095226 0.00000000 48.29629131
v -12.87863803 -1.26843513 48.29629131
v -12.69229549 -2.52465454 48.29629131
v -12.38371920 -3.75656015 48.29629131
v -11.95588092 -4.95228803 48.29629131
v -11.41290097 -6.10032266 48.29629131
v -10.76000855 -7.18960786 48.29629131
v -10.00349137 -8.20965320 48.29629131
v -9.15063509 -9.15063509 48.29629131
v -8.20965320 -10.00349137 48.29629131
v -7.18960786 -10.76000855 48.29629131
v -6.10032266 -11.41290097 48.29629131
v -4.95228803 -11.95588092 48.29629131
v -3.75656015 -12.38371920 48.29629131
v -2.52465454 -12.69229549 48.29629131
v -1.26843513 -12.87863803 48.29629131
v -0.00000000 -12.94095226 48.29629131
v 1.26843513 -12.87863803 48.29629131
v 2.52465454 -12.69229549 48.29629131
v 3.75656015 -12.38371920 48.29629131
v 4.95228803 -11.95588092 48.29629131
v 6.10032266 -11.41290097 48.29629131
v 7.18960786 -10.76000855 48.29629131
v 8.20965320 -10.00349137 48.29629131
v 9.15063509 -9.15063509 48.29629131
v 10.00349137 -8.20965320 48.29629131
v 10.76000855 -7.18960786 48.29629131
v 11.41290097 -6.10032266 48.29629131
v 11.95588092 -4.95228803 48.29629131
v 12.38371920 -3.75656015 48.29629131
v 12.69229549 -2.52465454 48.29629131
v 12.87863803 -1.26843513 48.29629131
v 16.07197327 0.00000000 47.34650647
v 15.99458232 1.57532886 47.34650647
v 15.76315481 3.13548644 47.34650647
v 15.37991949 4.66544757 47.34650647
v 14.84856715 6.15047789 47.34650647
v 14.17421498 7.57627575 47.34650647
v 13.36335738 8.92910993 47.34650647
v 12.42380334 10.19595190 47.34650647
v 11.36460128 11.36460128 47.34650647
v 10.19595190 12.42380334 47.34650647
v 8.92910993 13.36335738 47.34650647
v 7.57627575 14.17421498 47.34650647
v 6.15047789 14.84856715 47.34650647
v 4.66544757 15.37991949 47.34650647
v 3.13548644 15.76315481 47.34650647
v 1.57532886 15.99458232 47.34650647
v 0.00000000 16.07197327 47.34650647
v -1.57532886 15.99458232 47.34650647
v -3.13548644 15.76315481 47.34650647
v -4.66544757 15.37991949 47.34650647
v -6.15047789 14.84856715 47.34650647
v -7.57627575 14.17421498 47.34650647
v -8.92910993 13.36335738 47.34650647
v -10.19595190 12.42380334 47.34650647
v -11.36460128 11.36460128 47.34650647
v -12.42380334 10.19595190 47.34650647
v -13.36335738 8.92910993 47.34650647
v -14.17421498 7.57627575 47.34650647
v -14.84856715 6.15047789 47.34650647
v -15.37991949 4.66544757 47.34650647
v -15.76315481 3.13548644 47.34650647
v -15.99458232 1.57532886 47.34650647
v -16.07197327 0.00000000 47.34650647
v -15.99458232 -1.57532886 47.34650647
v -15.76315481 -3.13548644 47.34650647
v -15.37991949 -4.66544757 47.34650647
v -14.84856715 -6.15047789 47.34650647
v -14.17421498 -7.57627575 47.34650647
v -13.36335738 -8.92910993 47.34650647
v -12.42380334 -10.19595190 47.34650647
v -11.36460128 -11.36460128 47.34650647
v -10.19595190 -12.42380334 47.34650647
v -8.92910993 -13.36335738 47.34650647
v -7.57627575 -14.17421498 47.34650647
v -6.15047789 -14.84856715 47.34650647
v -4.66544757 -15.37991949 47.34650647
v -3.13548644 -15.76315481 47.34650647
v -1.57532886 -15.99458232 47.34650647
v -0.00000000 -16.07197327 47.34650647
v 1.57532886 -15.99458232 47.34650647
v 3.13548644 -15.76315481 47.34650647
v 4.66544757 -15.37991949 47.34650647
v 6.15047789 -14.84856715 47.34650647
v 7.57627575 -14.17421498 47.34650647
v 8.92910993 -13.36335738 47.34650647
v 10.19595190 -12.42380334 47.34650647
v 11.36460128 -11.36460128 47.34650647
v 12.42380334 -10.19595190 47.34650647
v 13.36335738 -8.92910993 47.34650647
v 14.17421498 -7.57627575 47.34650647
v 14.84856715 -6.15047789 47.34650647
v 15.37991949 -4.66544757 47.34650647
v 15.76315481 -3.13548644 47.34650647
v 15.99458232 -1.57532886 47.34650647
v 19.13417162 0.00000000 46.19397663
v 19.04203535 1.87547678 46.19397663
v 18.76651388 3.73289170 46.19397663
v 18.31026061 5.55435683 46.19397663
v 17.67766953 7.32233047 46.19397663
v 16.87483283 9.01978606 46.19397663
v 15.90948226 10.63037618 46.19397663
v 14.79091468 12.13858997 46.19397663
v 13.52990250 13.52990250 46.19397663
v 12.13858997 14.79091468 46.19397663
v 10.63037618 15.90948226 46.19397663
v 9.01978606 16.87483283 46.19397663
v 7.32233047 17.67766953 46.19397663
v 5.55435683 18.31026061 46.19397663
v 3.73289170 18.76651388 46.19397663
v 1.87547678 19.04203535 46.19397663
v 0.00000000 19.13417162 46.19397663
v -1.87547678 19.04203535 46.19397663
v -3.73289170 18.76651388 46.19397663
v -5.55435683 18.31026061 46.19397663
v -7.32233047 17.67766953 46.19397663
v -9.01978606 16.87483283 46.19397663
v -10.63037618 15.90948226 46.19397663
v -12.13858997 14.79091468 46.19397663
v -13.52990250 13.52990250 46.19397663
v -14.79091468 12.13858997 46.19397663
v -15.90948226 10.63037618 46.19397663
v -16.87483283 9.01978606 46.19397663
v -17.67766953 7.32233047 46.19397663
v -18.31026061 5.55435683 46.19397663
v -18.76651388 3.73289170 46.19397663
v -19.04203535 1.87547678 46.19397663
v -19.13417162 0.00000000 46.19397663
v -19.04203535 -1.87547678 46.19397663
v -18.76651388 -3.73289170 46.19397663
v -18.31026061 -5.55435683 46.19397663
v -17.67766953 -7.32233047 46.19397663
v -16.87483283 -9.01978606 46.19397663
v -15.90948226 -10.63037618 46.19397663
v -14.79091468 -12.13858997 46.19397663
v -13.52990250 -13.52990250 46.19397663
v -12.13858997 -14.79091468 46.19397663
v -10.63037618 -15.90948226 46.19397663
v -9.01978606 -16.87483283 46.19397663
v -7.32233047 -17.67766953 46.19397663
v -5.55435683 -18.31026061 46.19397663
v -3.73289170 -18.76651388 46.19397663
v -1.87547678 -19.04203535 46.19397663
v -0.00000000 -19.13417162 46.19397663
v 1.87547678 -19.04203535 46.19397663
v 3.73289170 -18.76651388 46.19397663
v 5.55435683 -18.31026061 46.19397663
v 7.32233047 -17.67766953 46.19397663
v 9.01978606 -16.87483283 46.19397663
v 10.63037618 -15.90948226 46.19397663
v 12.13858997 -14.79091468 46.19397663
v 13.52990250 -13.52990250 46.19397663
v 14.79091468 -12.13858997 46.19397663
v 15.90948226 -10.63037618 46.19397663
v 16.87483283 -9.01978606 46.19397663
v 17.67766953 -7.32233047 46.19397663
v 18.31026061 -5.55435683 46.19397663
v 18.76651388 -3.73289170 46.19397663
v 19.04203535 -1.87547678 46.19397663
v 22.11443451 0.00000000 44.84363708
v 22.00794746 2.16759363 44.84363708
v 21.68951185 4.31431215 44.84363708
v 21.16219439 6.41948148 44.84363708
v 20.43107342 8.46282770 44.84363708
v 19.50319004 10.42467227 44.84363708
v 18.38748029 12.28612153 44.84363708
v 17.09468905 14.02924874 44.84363708
v 15.63726660 15.63726660 44.84363708
v 14.02924874 17.09468905 44.84363708
v 12.28612153 18.38748029 44.84363708
v 10.42467227 19.50319004 44.84363708
v 8.46282770 20.43107342 44.84363708
v 6.41948148 21.16219439 44.84363708
v 4.31431215 21.68951185 44.84363708
v 2.16759363 22.00794746 44.84363708
v 0.00000000 22.11443451 44.84363708
v -2.16759363 22.00794746 44.84363708
v -4.31431215 21.68951185 44.84363708
v -6.41948148 21.16219439 44.84363708
v -8.46282770 20.43107342 44.84363708
v -10.42467227 19.50319004 44.84363708
v -12.28612153 18.38748029 44.84363708
v -14.02924874 17.09468905 44.84363708
v -15.63726660 15.63726660 44.84363708
v -17.09468905 14.02924874 44.84363708
v -18.38748029 12.28612153 44.84363708
v -19.50319004 10.42467227 44.84363708
v -20.43107342 8.46282770 44.84363708
v -21.16219439 6.41948148 44.84363708
v -21.68951185 4.31431215 44.84363708
v -22.00794746 2.16759363 44.84363708
v -22.11443451 0.00000000 44.84363708
v -22.00794746 -2.16759363 44.84363708
v -21.68951185 -4.31431215 44.84363708
v -21.16219439 -6.41948148 44.84363708
v -20.43107342 -8.46282770 44.84363708
v -19.50319004 -10.42467227 44.84363708
v -18.38748029 -12.28612153 44.84363708
v -17.09468905 -14.02924874 44.84363708
v -15.63726660 -15.63726660 44.84363708
v -14.02924874 -17.09468905 44.84363708
v -12.28612153 -18.38748029 44.84363708
v -10.42467227 -19.50319004 44.84363708
v -8.46282770 -20.43107342 44.84363708
v -6.41948148 -21.16219439 44.84363708
v -4.31431215 -21.68951185 44.84363708
v -2.16759363 -22.00794746 44.84363708
v -0.00000000 -22.11443451 44.84363708
v 2.16759363 -22.00794746 44.84363708
v 4.31431215 -21.68951185 44.84363708
v 6.41948148 -21.16219439 44.84363708
v 8.46282770 -20.43107342 44.84363708
v 10.42467227 -19.50319004 44.84363708
v 12.28612153 -18.38748029 44.84363708
v 14.02924874 -17.09468905 44.84363708
v 15.63726660 -15.63726660 44.84363708
v 17.09468905 -14.02924874 44.84363708
v 18.38748029 -12.28612153 44.84363708
v 19.50319004 -10.42467227 44.84363708
v 20.43107342 -8.46282770 44.84363708
v 21.16219439 -6.41948148 44.84363708
v 21.68951185 -4.31431215 44.84363708
v 22.00794746 -2.16759363 44.84363708
v 25.00000000 0.00000000 43.30127019
v 24.87961817 2.45042851 43.30127019
v 24.51963201 4.87725805 43.30127019
v 23.92350839 7.25711693 43.30127019
v 23.09698831 9.56708581 43.30127019
v 22.04803161 11.78491842 43.30127019
v 20.78674031 13.88925583 43.30127019
v 19.32526133 15.85983210 43.30127019
v 17.67766953 17.67766953 43.30127019
v 15.85983210 19.32526133 43.30127019
v 13.88925583 20.78674031 43.30127019
v 11.78491842 22.04803161 43.30127019
v 9.56708581 23.09698831 43.30127019
v 7.25711693 23.92350839 43.30127019
v 4.87725805 24.51963201 43.30127019
v 2.45042851 24.87961817 43.30127019
v 0.00000000 25.00000000 43.30127019
v -2.45042851 24.87961817 43.30127019
v -4.87725805 24.51963201 43.30127019
v -7.25711693 23.92350839 43.30127019
v -9.56708581 23.09698831 43.30127019
v -11.78491842 22.04803161 43.30127019
v -13.88925583 20.78674031 43.30127019
v -15.85983210 19.32526133 43.30127019
v -17.67766953 17.67766953 43.30127019
v -19.32526133 15.85983210 43.30127019
v -20.78674031 13.88925583 43.30127019
v -22.04803161 11.78491842 43.30127019
v -23.09698831 9.56708581 43.30127019
v -23.92350839 7.25711693 43.30127019
v -24.51963201 4.87725805 43.30127019
v -24.87961817 2.45042851 43.30127019
v -25.00000000 0.00000000 43.30127019
v -24.87961817 -2.45042851 43.30127019
v -24.51963201 -4.87725805 43.30127019
v -23.92350839 -7.25711693 43.30127019
v -23.09698831 -9.56708581 43.30127019
v -22.04803161 -11.78491842 43.30127019
v -20.78674031 -13.88925583 43.30127019
v -19.32526133 -15.85983210 43.30127019
v -17.67766953 -17.67766953 43.30127019
v -15.85983210 -19.32526133 43.30127019
v -13.88925583 -20.78674031 43.30127019
v -11.78491842 -22.04803161 43.30127019
v -9.56708581 -23.09698831 43.30127019
v -7.25711693 -23.92350839 43.30127019
v -4.87725805 -24.51963201 43.30127019
v -2.45042851 -24.87961817 43.30127019
v -0.00000000 -25.00000000 43.30127019
v 2.45042851 -24.87961817 43.30127019
v 4.87725805 -24.51963201 43.30127019
v 7.25711693 -23.92350839 43.30127019
v 9.56708581 -23.09698831 43.30127019
v 11.78491842 -22.04803161 43.30127019
v 13.88925583 -20.78674031 43.30127019
v 15.85983210 -19.32526133 43.30127019
v 17.67766953 -17.67766953 43.30127019
v 19.32526133 -15.85983210 43.30127019
v 20.78674031 -13.88925583 43.30127019
v 22.04803161 -11.78491842 43.30127019
v 23.09698831 -9.56708581 43.30127019
v 23.92350839 -7.25711693 43.30127019
v 24.51963201 -4.87725805 43.30127019
v 24.87961817 -2.45042851 43.30127019
v 27.77851165 0.00000000 41.57348062
v 27.64475052 2.72277027 41.57348062
v 27.24475534 5.41931878 41.57348062
v 26.58237827 8.06367629 41.57348062
v 25.66399836 10.63037618 41.57348062
v 24.49846012 13.09469975 41.57348062
v 23.09698831 15.43291419 41.57348062
v 21.47307989 17.62250124 41.57348062
v 19.64237396 19.64237396 41.57348062
v 17.62250124 21.47307989 41.57348062
v 15.43291419 23.09698831 41.57348062
v 13.09469975 24.49846012 41.57348062
v 10.63037618 25.66399836 41.57348062
v 8.06367629 26.58237827 41.57348062
v 5.41931878 27.24475534 41.57348062
v 2.72277027 27.64475052 41.57348062
v 0.00000000 27.77851165 41.57348062
v -2.72277027 27.64475052 41.57348062
v -5.41931878 27.24475534 41.57348062
v -8.06367629 26.58237827 41.57348062
v -10.63037618 25.66399836 41.57348062
v -13.09469975 24.49846012 41.57348062
v -15.43291419 23.09698831 41.57348062
v -17.62250124 21.47307989 41.57348062
v -19.64237396 19.64237396 41.57348062
v -21.47307989 17.62250124 41.57348062
v -23.09698831 15.43291419 41.57348062
v -24.49846012 13.09469975 41.57348062
v -25.66399836 10.63037618 41.57348062
v -26.58237827 8.06367629 41.57348062
v -27.24475534 5.41931878 41.57348062
v -27.64475052 2.72277027 41.57348062
v -27.77851165 0.00000000 41.57348062
v -27.64475052 -2.72277027 41.57348062
v -27.24475534 -5.41931878 41.57348062
v -26.58237827 -8.06367629 41.57348062
v -25.66399836 -10.63037618 41.57348062
v -24.49846012 -13.09469975 41.57348062
v -23.09698831 -15.43291419 41.57348062
v -21.47307989 -17.62250124 41.57348062
v -19.64237396 -19.64237396 41.57348062
v -17.62250124 -21.47307989 41.57348062
v -15.43291419 -23.09698831 41.57348062
v -13.09469975 -24.49846012 41.57348062
v -10.63037618 -25.66399836 41.57348062
v -8.06367629 -26.58237827 41.57348062
v -5.41931878 -27.24475534 41.57348062
v -2.72277027 -27.64475052 41.57348062
v -0.00000000 -27.77851165 41.57348062
v 2.72277027 -27.64475052 41.57348062
v 5.41931878 -27.24475534 41.57348062
v 8.06367629 -26.58237827 41.57348062
v 10.63037618 -25.66399836 41.57348062
v 13.09469975 -24.49846012 41.57348062
v 15.43291419 -23.09698831 41.57348062
v 17.62250124 -21.47307989 41.57348062
v 19.64237396 -19.64237396 41.57348062
v 21.47307989 -17.62250124 41.57348062
v 23.09698831 -15.43291419 41.57348062
v 24.49846012 -13.09469975 41.57348062
v 25.66399836 -10.63037618 41.57348062
v 26.58237827 -8.06367629 41.57348062
v 27.24475534 -5.41931878 41.57348062
v 27.64475052 -2.72277027 41.57348062
v 30.43807145 0.00000000 39.66766701
v 30.29150382 2.98345272 39.66766701
v 29.85321244 5.93817316 39.66766701
v 29.12741831 8.83570575 39.66766701
v 28.12111122 11.64814566 39.66766701
v 26.84398246 14.34840756 39.66766701
v 25.30833147 16.91048645 39.66766701
v 23.52894741 19.30970811 39.66766701
v 21.52296673 21.52296673 39.66766701
v 19.30970811 23.52894741 39.66766701
v 16.91048645 25.30833147 39.66766701
v 14.34840756 26.84398246 39.66766701
v 11.64814566 28.12111122 39.66766701
v 8.83570575 29.12741831 39.66766701
v 5.93817316 29.85321244 39.66766701
v 2.98345272 30.29150382 39.66766701
v 0.00000000 30.43807145 39.66766701
v -2.98345272 30.29150382 39.66766701
v -5.93817316 29.85321244 39.66766701
v -8.83570575 29.12741831 39.66766701
v -11.64814566 28.12111122 39.66766701
v -14.34840756 26.84398246 39.66766701
v -16.91048645 25.30833147 39.66766701
v -19.30970811 23.52894741 39.66766701
v -21.52296673 21.52296673 39.66766701
v -23.52894741 19.30970811 39.66766701
v -25.30833147 16.91048645 39.66766701
v -26.84398246 14.34840756 39.66766701
v -28.12111122 11.64814566 39.66766701
v -29.12741831 8.83570575 39.66766701
v -29.85321244 5.93817316 39.66766701
v -30.29150382 2.98345272 39.66766701
v -30.43807145 0.00000000 39.66766701
v -30.29150382 -2.98345272 39.66766701
v -29.85321244 -5.93817316 39.66766701
v -29.12741831 -8.83570575 39.66766701
v -28.12111122 -11.64814566 39.66766701
v -26.84398246 -14.34840756 39.66766701
v -25.30833147 -16.91048645 39.66766701
v -23.52894741 -19.30970811 39.66766701
v -21.52296673 -21.52296673 39.66766701
v -19.30970811 -23.52894741 39.66766701
v -16.91048645 -25.30833147 39.66766701
v -14.34840756 -26.84398246 39.66766701
v -11.64814566 -28.12111122 39.66766701
v -8.83570575 -29.12741831 39.66766701
v -5.93817316 -29.85321244 39.66766701
v -2.98345272 -30.29150382 39.66766701
v -0.00000000 -30.43807145 39.66766701
v 2.98345272 -30.29150382 39.66766701
v 5.93817316 -29.85321244 39.66766701
v 8.83570575 -29.12741831 39.66766701
v 11.64814566 -28.12111122 39.66766701
v 14.34840756 -26.84398246 39.66766701
v 16.91048645 -25.30833147 39.66766701
v 19.30970811 -23.52894741 39.66766701
v 21.52296673 -21.52296673 39.66766701
v 23.52894741 -19.30970811 39.66766701
v 25.30833147 -16.91048645 39.66766701
v 26.84398246 -14.34840756 39.66766701
v 28.12111122 -11.64814566 39.66766701
v 29.12741831 -8.83570575 39.66766701
v 29.85321244 -5.93817316 39.66766701
v 30.29150382 -2.98345272 39.66766701
v 32.96729076 0.00000000 37.59199037
v 32.80854424 3.23135956 37.59199037
v 32.33383351 6.43159937 37.59199037
v 31.54773028 9.56989936 37.59199037
v 30.45780517 12.61603598 37.59199037
v 29.07455474 15.54067328 37.59199037
v 27.41130046 18.31564541 37.59199037
v 25.48406037 20.91422785 37.59199037
v 23.31139485 23.31139485 37.59199037
v 20.91422785 25.48406037 37.59199037
v 18.31564541 27.41130046 37.59199037
v 15.54067328 29.07455474 37.59199037
v 12.61603598 30.45780517 37.59199037
v 9.56989936 31.54773028 37.59199037
v 6.43159937 32.33383351 37.59199037
v 3.23135956 32.80854424 37.59199037
v 0.00000000 32.96729076 37.59199037
v -3.23135956 32.80854424 37.59199037
v -6.43159937 32.33383351 37.59199037
v -9.56989936 31.54773028 37.59199037
v -12.61603598 30.45780517 37.59199037
v -15.54067328 29.07455474 37.59199037
v -18.31564541 27.41130046 37.59199037
v -20.91422785 25.48406037 37.59199037
v -23.31139485 23.31139485 37.59199037
v -25.48406037 20.91422785 37.59199037
v -27.41130046 18.31564541 37.59199037
v -29.07455474 15.54067328 37.59199037
v -30.45780517 12.61603598 37.59199037
v -31.54773028 9.56989936 37.59199037
v -32.33383351 6.43159937 37.59199037
v -32.80854424 3.23135956 37.59199037
v -32.96729076 0.00000000 37.59199037
v -32.80854424 -3.23135956 37.59199037
v -32.33383351 -6.43159937 37.59199037
v -31.54773028 -9.56989936 37.59199037
v -30.45780517 -12.61603598 37.59199037
v -29.07455474 -15.54067328 37.59199037
v -27.41130046 -18.31564541 37.59199037
v -25.48406037 -20.91422785 37.59199037
v -23.31139485 -23.31139485 37.59199037
v -20.91422785 -25.48406037 37.59199037
v -18.31564541 -27.41130046 37.59199037
v -15.54067328 -29.07455474 37.59199037
v -12.61603598 -30.45780517 37.59199037
v -9.56989936 -31.54773028 37.59199037
v -6.43159937 -32.33383351 37.59199037
v -3.23135956 -32.80854424 37.59199037
v -0.00000000 -32.96729076 37.59199037
v 3.23135956 -32.80854424 37.59199037
v 6.43159937 -32.33383351 37.59199037
v 9.56989936 -31.54773028 37.59199037
v 12.61603598 -30.45780517 37.59199037
v 15.54067328 -29.07455474 37.59199037
v 18.31564541 -27.41130046 37.59199037
v 20.91422785 -25.48406037 37.59199037
v 23.31139485 -23.31139485 37.59199037
v 25.48406037 -20.91422785 37.59199037
v 27.41130046 -18.31564541 37.59199037
v 29.07455474 -15.54067328 37.59199037
v 30.45780517 -12.61603598 37.59199037
v 31.54773028 -9.56989936 37.59199037
v 32.33383351 -6.43159937 37.59199037
v 32.80854424 -3.23135956 37.59199037
v 35.35533906 0.00000000 35.35533906
v 35.18509344 3.46542923 35.35533906
v 34.67599613 6.89748448 35.35533906
v 33.83295003 10.26311319 35.35533906
v 32.66407412 13.52990250 35.35533906
v 31.18062532 16.66639146 35.35533906
v 29.39689006 19.64237396 35.35533906
v 27.33004668 22.42918966 35.35533906
v 25.00000000 25.00000000 35.35533906
v 22.42918966 27.33004668 35.35533906
v 19.64237396 29.39689006 35.35533906
v 16.66639146 31.18062532 35.35533906
v 13.52990250 32.66407412 35.35533906
v 10.26311319 33.83295003 35.35533906
v 6.89748448 34.67599613 35.35533906
v 3.46542923 35.18509344 35.35533906
v 0.00000000 35.35533906 35.35533906
v -3.46542923 35.18509344 35.35533906
v -6.89748448 34.67599613 35.35533906
v -10.26311319 33.83295003 35.35533906
v -13.52990250 32.66407412 35.35533906
v -16.66639146 31.18062532 35.35533906
v -19.64237396 29.39689006 35.35533906
v -22.42918966 27.33004668 35.35533906
v -25.00000000 25.00000000 35.35533906
v -27.33004668 22.42918966 35.35533906
v -29.39689006 19.64237396 35.35533906
v -31.18062532 16.66639146 35.35533906
v -32.66407412 13.52990250 35.35533906
v -33.83295003 10.26311319 35.35533906
v -34.67599613 6.89748448 35.35533906
v -35.18509344 3.46542923 35.35533906
v -35.35533906 0.00000000 35.35533906
v -35.18509344 -3.46542923 35.35533906
v -34.67599613 -6.89748448 35.35533906
v -33.83295003 -10.26311319 35.35533906
v -32.66407412 -13.52990250 35.35533906
v -31.18062532 -16.66639146 35.35533906
v -29.39689006 -19.64237396 35.35533906
v -27.33004668 -22.42918966 35.35533906
v -25.00000000 -25.00000000 35.35533906
v -22.42918966 -27.33004668 35.35533906
v -19.64237396 -29.39689006 35.35533906
v -16.66639146 -31.18062532 35.35533906
v -13.52990250 -32.66407412 35.35533906
v -10.26311319 -33.83295003 35.35533906
v -6.89748448 -34.67599613 35.35533906
v -3.46542923 -35.18509344 35.35533906
v -0.00000000 -35.35533906 35.35533906
v 3.46542923 -35.18509344 35.35533906
v 6.89748448 -34.67599613 35.35533906
v 10.26311319 -33.83295003 35.35533906
v 13.52990250 -32.66407412 35.35533906
v 16.66639146 -31.18062532 35.35533906
v 19.64237396 -29.39689006 35.35533906
v 22.42918966 -27.33004668 35.35533906
v 25.00000000 -25.00000000 35.35533906
v 27.33004668 -22.42918966 35.35533906
v 29.39689006 -19.64237396 35.35533906
v 31.18062532 -16.66639146 35.35533906
v 32.66407412 -13.52990250 35.35533906
v 33.83295003 -10.26311319 35.35533906
v 34.67599613 -6.89748448 35.35533906
v 35.18509344 -3.46542923 35.35533906
v 37.59199037 0.00000000 32.96729076
v 37.41097467 3.68465940 32.96729076
v 36.86967082 7.33383351 32.96729076
v 35.97329189 10.91237879 32.96729076
v 34.73047049 14.38583191 32.96729076
v 33.15317568 17.72074159 32.96729076
v 31.25659766 20.88499085 32.96729076
v 29.05900152 23.84810623 32.96729076
v 26.58155131 26.58155131 32.96729076
v 23.84810623 29.05900152 32.96729076
v 20.88499085 31.25659766 32.96729076
v 17.72074159 33.15317568 32.96729076
v 14.38583191 34.73047049 32.96729076
v 10.91237879 35.97329189 32.96729076
v 7.33383351 36.86967082 32.96729076
v 3.68465940 37.41097467 32.96729076
v 0.00000000 37.59199037 32.96729076
v -3.68465940 37.41097467 32.96729076
v -7.33383351 36.86967082 32.96729076
v -10.91237879 35.97329189 32.96729076
v -14.38583191 34.73047049 32.96729076
v -17.72074159 33.15317568 32.96729076
v -20.88499085 31.25659766 32.96729076
v -23.84810623 29.05900152 32.96729076
v -26.58155131 26.58155131 32.96729076
v -29.05900152 23.84810623 32.96729076
v -31.25659766 20.88499085 32.96729076
v -33.15317568 17.72074159 32.96729076
v -34.73047049 14.38583191 32.96729076
v -35.97329189 10.91237879 32.96729076
v -36.86967082 7.33383351 32.96729076
v -37.41097467 3.68465940 32.96729076
v -37.59199037 0.00000000 32.96729076
v -37.41097467 -3.68465940 32.96729076
v -36.86967082 -7.33383351 32.96729076
v -35.97329189 -10.91237879 32.96729076
v -34.73047049 -14.38583191 32.96729076
v -33.15317568 -17.72074159 32.96729076
v -31.25659766 -20.88499085 32.96729076
v -29.05900152 -23.84810623 32.96729076
v -26.58155131 -26.58155131 32.96729076
v -23.84810623 -29.05900152 32.96729076
v -20.88499085 -31.25659766 32.96729076
v -17.72074159 -33.15317568 32.96729076
v -14.38583191 -34.73047049 32.96729076
v -10.91237879 -35.97329189 32.96729076
v -7.33383351 -36.86967082 32.96729076
v -3.68465940 -37.41097467 32.96729076
v -0.00000000 -37.59199037 32.96729076
v 3.68465940 -37.41097467 32.96729076
v 7.33383351 -36.86967082 32.96729076
v 10.91237879 -35.97329189 32.96729076
v 14.38583191 -34.73047049 32.96729076
v 17.72074159 -33.15317568 32.96729076
v 20.88499085 -31.25659766 32.96729076
v 23.84810623 -29.05900152 32.96729076
v 26.58155131 -26.58155131 32.96729076
v 29.05900152 -23.84810623 32.96729076
v 31.25659766 -20.88499085 32.96729076
v 33.15317568 -17.72074159 32.96729076
v 34.73047049 -14.38583191 32.96729076
v 35.97329189 -10.91237879 32.96729076
v 36.86967082 -7.33383351 32.96729076
v 37.41097467 -3.68465940 32.96729076
v 39.66766701 0.00000000 30.43807145
v 39.47665636 3.88811128 30.43807145
v 38.90546392 7.73877793 30.43807145
v 37.95959059 11.51491592 30.43807145
v 36.64814566 15.18015897 30.43807145
v 34.98375905 18.69920879 30.43807145
v 32.98245971 22.03817501 30.43807145
v 30.66352126 25.16490155 30.43807145
v 28.04927634 28.04927634 30.43807145
v 25.16490155 30.66352126 30.43807145
v 22.03817501 32.98245971 30.43807145
v 18.69920879 34.98375905 30.43807145
v 15.18015897 36.64814566 30.43807145
v 11.51491592 37.95959059 30.43807145
v 7.73877793 38.90546392 30.43807145
v 3.88811128 39.47665636 30.43807145
v 0.00000000 39.66766701 30.43807145
v -3.88811128 39.47665636 30.43807145
v -7.73877793 38.90546392 30.43807145
v -11.51491592 37.95959059 30.43807145
v -15.18015897 36.64814566 30.43807145
v -18.69920879 34.98375905 30.43807145
v -22.03817501 32.98245971 30.43807145
v -25.16490155 30.66352126 30.43807145
v -28.04927634 28.04927634 30.43807145
v -30.66352126 25.16490155 30.43807145
v -32.98245971 22.03817501 30.43807145
v -34.98375905 18.69920879 30.43807145
v -36.64814566 15.18015897 30.43807145
v -37.95959059 11.51491592 30.43807145
v -38.90546392 7.73877793 30.43807145
v -39.47665636 3.88811128 30.43807145
v -39.66766701 0.00000000 30.43807145
v -39.47665636 -3.88811128 30.43807145
v -38.90546392 -7.73877793 30.43807145
v -37.95959059 -11.51491592 30.43807145
v -36.64814566 -15.18015897 30.43807145
v -34.98375905 -18.69920879 30.43807145
v -32.98245971 -22.03817501 30.43807145
v -30.66352126 -25.16490155 30.43807145
v -28.04927634 -28.04927634 30.43807145
v -25.16490155 -30.66352126 30.43807145
v -22.03817501 -32.98245971 30.43807145
v -18.69920879 -34.98375905 30.43807145
v -15.18015897 -36.64814566 30.43807145
v -11.51491592 -37.95959059 30.43807145
v -7.73877793 -38.90546392 30.43807145
v -3.88811128 -39.47665636 30.43807145
v -0.00000000 -39.66766701 30.43807145
v 3.88811128 -39.47665636 30.43807145
v 7.73877793 -38.90546392 30.43807145
v 11.51491592 -37.95959059 30.43807145
v 15.18015897 -36.64814566 30.43807145
v 18.69920879 -34.98375905 30.43807145
v 22.03817501 -32.98245971 30.43807145
v 25.16490155 -30.66352126 30.43807145
v 28.04927634 -28.04927634 30.43807145
v 30.66352126 -25.16490155 30.43807145
v 32.98245971 -22.03817501 30.43807145
v 34.98375905 -18.69920879 30.43807145
v 36.64814566 -15.18015897 30.43807145
v 37.95959059 -11.51491592 30.43807145
v 38.90546392 -7.73877793 30.43807145
v 39.47665636 -3.88811128 30.43807145
v 41.57348062 0.00000000 27.77851165
v 41.37329294 4.07491368 27.77851165
v 40.77465784 8.11058372 27.77851165
v 39.78334050 12.06814440 27.77851165
v 38.40888784 15.90948226 27.77851165
v 36.66453659 19.59760310 27.77851165
v 34.56708581 23.09698831 27.77851165
v 32.13673510 26.37393690 27.77851165
v 29.39689006 29.39689006 27.77851165
v 26.37393690 32.13673510 27.77851165
v 23.09698831 34.56708581 27.77851165
v 19.59760310 36.66453659 27.77851165
v 15.90948226 38.40888784 27.77851165
v 12.06814440 39.78334050 27.77851165
v 8.11058372 40.77465784 27.77851165
v 4.07491368 41.37329294 27.77851165
v 0.00000000 41.57348062 27.77851165
v -4.07491368 41.37329294 27.77851165
v -8.11058372 40.77465784 27.77851165
v -12.06814440 39.78334050 27.77851165
v -15.90948226 38.40888784 27.77851165
v -19.59760310 36.66453659 27.77851165
v -23.09698831 34.56708581 27.77851165
v -26.37393690 32.13673510 27.77851165
v -29.39689006 29.39689006 27.77851165
v -32.13673510 26.37393690 27.77851165
v -34.56708581 23.09698831 27.77851165
v -36.66453659 19.59760310 27.77851165
v -38.40888784 15.90948226 27.77851165
v -39.78334050 12.06814440 27.77851165
v -40.77465784 8.11058372 27.77851165
v -41.37329294 4.07491368 27.77851165
v -41.57348062 0.00000000 27.77851165
v -41.37329294 -4.07491368 27.77851165
v -40.77465784 -8.11058372 27.77851165
v -39.78334050 -12.06814440 27.77851165
v -38.40888784 -15.90948226 27.77851165
v -36.66453659 -19.59760310 27.77851165
v -34.56708581 -23.09698831 27.77851165
v -32.13673510 -26.37393690 27.77851165
v -29.39689006 -29.39689006 27.77851165
v -26.37393690 -32.13673510 27.77851165
v -23.09698831 -34.56708581 27.77851165
v -19.59760310 -36.66453659 27.77851165
v -15.90948226 -38.40888784 27.77851165
v -12.06814440 -39.78334050 27.77851165
v -8.11058372 -40.77465784 27.77851165
v -4.07491368 -41.37329294 27.77851165
v -0.00000000 -41.57348062 27.77851165
v 4.07491368 -41.37329294 27.77851165
v 8.11058372 -40.77465784 27.77851165
v 12.06814440 -39.78334050 27.77851165
v 15.90948226 -38.40888784 27.77851165
v 19.59760310 -36.66453659 27.77851165
v 23.09698831 -34.56708581 27.77851165
v 26.37393690 -32.13673510 27.77851165
v 29.39689006 -29.39689006 27.77851165
v 32.13673510 -26.37393690 27.77851165
v 34.56708581 -23.09698831 27.77851165
v 36.66453659 -19.59760310 27.77851165
v 38.40888784 -15.90948226 27.77851165
v 39.78334050 -12.06814440 27.77851165
v 40.77465784 -8.11058372 27.77851165
v 41.37329294 -4.07491368 27.77851165
v 43.30127019 0.00000000 25.00000000
v 43.09276274 4.24426668 25.00000000
v 42.46924842 8.44765874 25.00000000
v 41.43673203 12.56969524 25.00000000
v 40.00515726 16.57067870 25.00000000
v 38.18831095 20.41207747 25.00000000
v 36.00369034 24.05689677 25.00000000
v 33.47233450 27.47003500 25.00000000
v 30.61862178 30.61862178 25.00000000
v 27.47003500 33.47233450 25.00000000
v 24.05689677 36.00369034 25.00000000
v 20.41207747 38.18831095 25.00000000
v 16.57067870 40.00515726 25.00000000
v 12.56969524 41.43673203 25.00000000
v 8.44765874 42.46924842 25.00000000
v 4.24426668 43.09276274 25.00000000
v 0.00000000 43.30127019 25.00000000
v -4.24426668 43.09276274 25.00000000
v -8.44765874 42.46924842 25.00000000
v -12.56969524 41.43673203 25.00000000
v -16.57067870 40.00515726 25.00000000
v -20.41207747 38.18831095 25.00000000
v -24.05689677 36.00369034 25.00000000
v -27.47003500 33.47233450 25.00000000
v -30.61862178 30.61862178 25.00000000
v -33.47233450 27.47003500 25.00000000
v -36.00369034 24.05689677 25.00000000
v -38.18831095 20.41207747 25.00000000
v -40.00515726 16.57067870 25.00000000
v -41.43673203 12.56969524 25.00000000
v -42.46924842 8.44765874 25.00000000
v -43.09276274 4.24426668 25.00000000
v -43.30127019 0.00000000 25.00000000
v -43.09276274 -4.24426668 25.00000000
v -42.46924842 -8.44765874 25.00000000
v -41.43673203 -12.56969524 25.00000000
v -40.00515726 -16.57067870 25.00000000
v -38.18831095 -20.41207747 25.00000000
v -36.00369034 -24.05689677 25.00000000
v -33.47233450 -27.47003500 25.00000000
v -30.61862178 -30.61862178 25.00000000
v -27.47003500 -33.47233450 25.00000000
v -24.05689677 -36.00369034 25.00000000
v -20.41207747 -38.18831095 25.00000000
v -16.57067870 -40.00515726 25.00000000
v -12.56969524 -41.43673203 25.00000000
v -8.44765874 -42.46924842 25.00000000
v -4.24426668 -43.09276274 25.00000000
v -0.00000000 -43.30127019 25.00000000
v 4.24426668 -43.09276274 25.00000000
v 8.44765874 -42.46924842 25.00000000
v 12.56969524 -41.43673203 25.00000000
v 16.57067870 -40.00515726 25.00000000
v 20.41207747 -38.18831095 25.00000000
v 24.05689677 -36.00369034 25.00000000
v 27.47003500 -33.47233450 25.00000000
v 30.61862178 -30.61862178 25.00000000
v 33.47233450 -27.47003500 25.00000000
v 36.00369034 -24.05689677 25.00000000
v 38.18831095 -20.41207747 25.00000000
v 40.00515726 -16.57067870 25.00000000
v 41.43673203 -12.56969524 25.00000000
v 42.46924842 -8.44765874 25.00000000
v 43.09276274 -4.24426668 25.00000000
v 44.84363708 0.00000000 22.11443451
v 44.62770271 4.39544507 22.11443451
v 43.98197916 8.74855960 22.11443451
v 42.91268512 13.01742072 22.11443451
v 41.43011846 17.16091696 22.11443451
v 39.54855711 21.13914419 22.11443451
v 37.28612153 24.91378990 22.11443451
v 34.66460023 28.44850220 22.11443451
v 31.70923987 31.70923987 22.11443451
v 28.44850220 34.66460023 22.11443451
v 24.91378990 37.28612153 22.11443451
v 21.13914419 39.54855711 22.11443451
v 17.16091696 41.43011846 22.11443451
v 13.01742072 42.91268512 22.11443451
v 8.74855960 43.98197916 22.11443451
v 4.39544507 44.62770271 22.11443451
v 0.00000000 44.84363708 22.11443451
v -4.39544507 44.62770271 22.11443451
v -8.74855960 43.98197916 22.11443451
v -13.01742072 42.91268512 22.11443451
v -17.16091696 41.43011846 22.11443451
v -21.13914419 39.54855711 22.11443451
v -24.91378990 37.28612153 22.11443451
v -28.44850220 34.66460023 22.11443451
v -31.70923987 31.70923987 22.11443451
v -34.66460023 28.44850220 22.11443451
v -37.28612153 24.91378990 22.11443451
v -39.54855711 21.13914419 22.11443451
v -41.43011846 17.16091696 22.11443451
v -42.91268512 13.01742072 22.11443451
v -43.98197916 8.74855960 22.11443451
v -44.62770271 4.39544507 22.11443451
v -44.84363708 0.00000000 22.11443451
v -44.62770271 -4.39544507 22.11443451
v -43.98197916 -8.74855960 22.11443451
v -42.91268512 -13.01742072 22.11443451
v -41.43011846 -17.16091696 22.11443451
v -39.54855711 -21.13914419 22.11443451
v -37.28612153 -24.91378990 22.11443451
v -34.66460023 -28.44850220 22.11443451
v -31.70923987 -31.70923987 22.11443451
v -28.44850220 -34.66460023 22.11443451
v -24.91378990 -37.28612153 22.11443451
v -21.13914419 -39.54855711 22.11443451
v -17.16091696 -41.43011846 22.11443451
v -13.01742072 -42.91268512 22.11443451
v -8.74855960 -43.98197916 22.11443451
v -4.39544507 -44.62770271 22.11443451
v -0.00000000 -44.84363708 22.11443451
v 4.39544507 -44.62770271 22.11443451
v 8.74855960 -43.98197916 22.11443451
v 13.01742072 -42.91268512 22.11443451
v 17.16091696 -41.43011846 22.11443451
v 21.13914419 -39.54855711 22.11443451
v 24.91378990 -37.28612153 22.11443451
v 28.44850220 -34.66460023 22.11443451
v 31.70923987 -31.70923987 22.11443451
v 34.66460023 -28.44850220 22.11443451
v 37.28612153 -24.91378990 22.11443451
v 39.54855711 -21.13914419 22.11443451
v 41.43011846 -17.16091696 22.11443451
v 42.91268512 -13.01742072 22.11443451
v 43.98197916 -8.74855960 22.11443451
v 44.62770271 -4.39544507 22.11443451
v 46.19397663 0.00000000 19.13417162
v 45.97154000 4.52780149 19.13417162
v 45.30637232 9.01199778 19.13417162
v 44.20487950 13.40940360 19.13417162
v 42.67766953 17.67766953 19.13417162
v 40.73945027 21.77568984 19.13417162
v 38.40888784 25.66399836 19.13417162
v 35.70842681 29.30514854 19.13417162
v 32.66407412 32.66407412 19.13417162
v 29.30514854 35.70842681 19.13417162
v 25.66399836 38.40888784 19.13417162
v 21.77568984 40.73945027 19.13417162
v 17.67766953 42.67766953 19.13417162
v 13.40940360 44.20487950 19.13417162
v 9.01199778 45.30637232 19.13417162
v 4.52780149 45.97154000 19.13417162
v 0.00000000 46.19397663 19.13417162
v -4.52780149 45.97154000 19.13417162
v -9.01199778 45.30637232 19.13417162
v -13.40940360 44.20487950 19.13417162
v -17.67766953 42.67766953 19.13417162
v -21.77568984 40.73945027 19.13417162
v -25.66399836 38.40888784 19.13417162
v -29.30514854 35.70842681 19.13417162
v -32.66407412 32.66407412 19.13417162
v -35.70842681 29.30514854 19.13417162
v -38.40888784 25.66399836 19.13417162
v -40.73945027 21.77568984 19.13417162
v -42.67766953 17.67766953 19.13417162
v -44.20487950 13.40940360 19.13417162
v -45.30637232 9.01199778 19.13417162
v -45.97154000 4.52780149 19.13417162
v -46.19397663 0.00000000 19.13417162
v -45.97154000 -4.52780149 19.13417162
v -45.30637232 -9.01199778 19.13417162
v -44.20487950 -13.40940360 19.13417162
v -42.67766953 -17.67766953 19.13417162
v -40.73945027 -21.77568984 19.13417162
v -38.40888784 -25.66399836 19.13417162
v -35.70842681 -29.30514854 19.13417162
v -32.66407412 -32.66407412 19.13417162
v -29.30514854 -35.70842681 19.13417162
v -25.66399836 -38.40888784 19.13417162
v -21.77568984 -40.73945027 19.13417162
v -17.67766953 -42.67766953 19.13417162
v -13.40940360 -44.20487950 19.13417162
v -9.01199778 -45.30637232 19.13417162
v -4.52780149 -45.97154000 19.13417162
v -0.00000000 -46.19397663 19.13417162
v 4.52780149 -45.97154000 19.13417162
v 9.01199778 -45.30637232 19.13417162
v 13.40940360 -44.20487950 19.13417162
v 17.67766953 -42.67766953 19.13417162
v 21.77568984 -40.73945027 19.13417162
v 25.66399836 -38.40888784 19.13417162
v 29.30514854 -35.70842681 19.13417162
v 32.66407412 -32.66407412 19.13417162
v 35.70842681 -29.30514854 19.13417162
v 38.40888784 -25.66399836 19.13417162
v 40.73945027 -21.77568984 19.13417162
v 42.67766953 -17.67766953 19.13417162
v 44.20487950 -13.40940360 19.13417162
v 45.30637232 -9.01199778 19.13417162
v 45.97154000 -4.52780149 19.13417162
v 47.34650647 0.00000000 16.07197327
v 47.11852010 4.64076917 16.07197327
v 46.43675663 9.23684519 16.07197327
v 45.30778180 13.74396535 16.07197327
v 43.74246827 18.11872361 16.07197327
v 41.75589085 22.31898865 16.07197327
v 39.36718138 26.30430963 16.07197327
v 36.59934444 30.03630574 16.07197327
v 33.47903579 33.47903579 16.07197327
v 30.03630574 36.59934444 16.07197327
v 26.30430963 39.36718138 16.07197327
v 22.31898865 41.75589085 16.07197327
v 18.11872361 43.74246827 16.07197327
v 13.74396535 45.30778180 16.07197327
v 9.23684519 46.43675663 16.07197327
v 4.64076917 47.11852010 16.07197327
v 0.00000000 47.34650647 16.07197327
v -4.64076917 47.11852010 16.07197327
v -9.23684519 46.43675663 16.07197327
v -13.74396535 45.30778180 16.07197327
v -18.11872361 43.74246827 16.07197327
v -22.31898865 41.75589085 16.07197327
v -26.30430963 39.36718138 16.07197327
v -30.03630574 36.59934444 16.07197327
v -33.47903579 33.47903579 16.07197327
v -36.59934444 30.03630574 16.07197327
v -39.36718138 26.30430963 16.07197327
v -41.75589085 22.31898865 16.07197327
v -43.74246827 18.11872361 16.07197327
v -45.30778180 13.74396535 16.07197327
v -46.43675663 9.23684519 16.07197327
v -47.11852010 4.64076917 16.07197327
v -47.34650647 0.00000000 16.07197327
v -47.11852010 -4.64076917 16.07197327
v -46.43675663 -9.23684519 16.07197327
v -45.30778180 -13.74396535 16.07197327
v -43.74246827 -18.11872361 16.07197327
v -41.75589085 -22.31898865 16.07197327
v -39.36718138 -26.30430963 16.07197327
v -36.59934444 -30.03630574 16.07197327
v -33.47903579 -33.47903579 16.07197327
v -30.03630574 -36.59934444 16.07197327
v -26.30430963 -39.36718138 16.07197327
v -22.31898865 -41.75589085 16.07197327
v -18.11872361 -43.74246827 16.07197327
v -13.74396535 -45.30778180 16.07197327
v -9.23684519 -46.43675663 16.07197327
v -4.64076917 -47.11852010 16.07197327
v -0.00000000 -47.34650647 16.07197327
v 4.64076917 -47.11852010 16.07197327
v 9.23684519 -46.43675663 16.07197327
v 13.74396535 -45.30778180 16.07197327
v 18.11872361 -43.74246827 16.07197327
v 22.31898865 -41.75589085 16.07197327
v 26.30430963 -39.36718138 16.07197327
v 30.03630574 -36.59934444 16.07197327
v 33.47903579 -33.47903579 16.07197327
v 36.59934444 -30.03630574 16.07197327
v 39.36718138 -26.30430963 16.07197327
v 41.75589085 -22.31898865 16.07197327
v 43.74246827 -18.11872361 16.07197327
v 45.30778180 -13.74396535 16.07197327
v 46.43675663 -9.23684519 16.07197327
v 47.11852010 -4.64076917 16.07197327
v 48.29629131 0.00000000 12.94095226
v 48.06373147 4.73386436 12.94095226
v 47.36829162 9.42213902 12.94095226
v 46.21666923 14.01967334 12.94095226
v 44.61995504 18.48219053 12.94095226
v 42.59352630 22.76671413 12.94095226
v 40.15689861 26.83198182 12.94095226
v 37.33353804 30.63884286 12.94095226
v 34.15063509 34.15063509 12.94095226
v 30.63884286 37.33353804 12.94095226
v 26.83198182 40.15689861 12.94095226
v 22.76671413 42.59352630 12.94095226
v 18.48219053 44.61995504 12.94095226
v 14.01967334 46.21666923 12.94095226
v 9.42213902 47.36829162 12.94095226
v 4.73386436 48.06373147 12.94095226
v 0.00000000 48.29629131 12.94095226
v -4.73386436 48.06373147 12.94095226
v -9.42213902 47.36829162 12.94095226
v -14.01967334 46.21666923 12.94095226
v -18.48219053 44.61995504 12.94095226
v -22.76671413 42.59352630 12.94095226
v -26.83198182 40.15689861 12.94095226
v -30.63884286 37.33353804 12.94095226
v -34.15063509 34.15063509 12.94095226
v -37.33353804 30.63884286 12.94095226
v -40.15689861 26.83198182 12.94095226
v -42.59352630 22.76671413 12.94095226
v -44.61995504 18.48219053 12.94095226
v -46.21666923 14.01967334 12.94095226
v -47.36829162 9.42213902 12.94095226
v -48.06373147 4.73386436 12.94095226
v -48.29629131 0.00000000 12.94095226
v -48.06373147 -4.73386436 12.94095226
v -47.36829162 -9.42213902 12.94095226
v -46.21666923 -14.01967334 12.94095226
v -44.61995504 -18.48219053 12.94095226
v -42.59352630 -22.76671413 12.94095226
v -40.15689861 -26.83198182 12.94095226
v -37.33353804 -30.63884286 12.94095226
v -34.15063509 -34.15063509 12.94095226
v -30.63884286 -37.33353804 12.94095226
v -26.83198182 -40.15689861 12.94095226
v -22.76671413 -42.59352630 12.94095226
v -18.48219053 -44.61995504 12.94095226
v -14.01967334 -46.21666923 12.94095226
v -9.42213902 -47.36829162 12.94095226
v -4.73386436 -48.06373147 12.94095226
v -0.00000000 -48.29629131 12.94095226
v 4.73386436 -48.06373147 12.94095226
v 9.42213902 -47.36829162 12.94095226
v 14.01967334 -46.21666923 12.94095226
v 18.48219053 -44.61995504 12.94095226
v 22.76671413 -42.59352630 12.94095226
v 26.83198182 -40.15689861 12.94095226
v 30.63884286 -37.33353804 12.94095226
v 34.15063509 -34.15063509 12.94095226
v 37.33353804 -30.63884286 12.94095226
v 40.15689861 -26.83198182 12.94095226
v 42.59352630 -22.76671413 12.94095226
v 44.61995504 -18.48219053 12.94095226
v 46.21666923 -14.01967334 12.94095226
v 47.36829162 -9.42213902 12.94095226
v 48.06373147 -4.73386436 12.94095226
v 49.03926402 0.00000000 9.75451610
v 48.80312656 4.80668842 9.75451610
v 48.09698831 9.56708581 9.75451610
v 46.92764978 14.23534693 9.75451610
v 45.30637232 18.76651388 9.75451610
v 43.24876973 23.11694904 9.75451610
v 40.77465784 27.24475534 9.75451610
v 37.90786371 31.11017975 9.75451610
v 34.67599613 34.67599613 9.75451610
v 31.11017975 37.90786371 9.75451610
v 27.24475534 40.77465784 9.75451610
v 23.11694904 43.24876973 9.75451610
v 18.76651388 45.30637232 9.75451610
v 14.23534693 46.92764978 9.75451610
v 9.56708581 48.09698831 9.75451610
v 4.80668842 48.80312656 9.75451610
v 0.00000000 49.03926402 9.75451610
v -4.80668842 48.80312656 9.75451610
v -9.56708581 48.09698831 9.75451610
v -14.23534693 46.92764978 9.75451610
v -18.76651388 45.30637232 9.75451610
v -23.11694904 43.24876973 9.75451610
v -27.24475534 40.77465784 9.75451610
v -31.11017975 37.90786371 9.75451610
v -34.67599613 34.67599613 9.75451610
v -37.90786371 31.11017975 9.75451610
v -40.77465784 27.24475534 9.75451610
v -43.24876973 23.11694904 9.75451610
v -45.30637232 18.76651388 9.75451610
v -46.92764978 14.23534693 9.75451610
v -48.09698831 9.56708581 9.75451610
v -48.80312656 4.80668842 9.75451610
v -49.03926402 0.00000000 9.75451610
v -48.80312656 -4.80668842 9.75451610
v -48.09698831 -9.56708581 9.75451610
v -46.92764978 -14.23534693 9.75451610
v -45.30637232 -18.76651388 9.75451610
v -43.24876973 -23.11694904 9.75451610
v -40.77465784 -27.24475534 9.75451610
v -37.90786371 -31.11017975 9.75451610
v -34.67599613 -34.67599613 9.75451610
v -31.11017975 -37.90786371 9.75451610
v -27.24475534 -40.77465784 9.75451610
v -23.11694904 -43.24876973 9.75451610
v -18.76651388 -45.30637232 9.75451610
v -14.23534693 -46.92764978 9.75451610
v -9.56708581 -48.09698831 9.75451610
v -4.80668842 -48.80312656 9.75451610
v -0.00000000 -49.03926402 9.75451610
v 4.80668842 -48.80312656 9.75451610
v 9.56708581 -48.09698831 9.75451610
v 14.23534693 -46.92764978 9.75451610
v 18.76651388 -45.30637232 9.75451610
v 23.11694904 -43.24876973 9.75451610
v 27.24475534 -40.77465784 9.75451610
v 31.11017975 -37.90786371 9.75451610
v 34.67599613 -34.67599613 9.75451610
v 37.90786371 -31.11017975 9.75451610
v 40.77465784 -27.24475534 9.75451610
v 43.24876973 -23.11694904 9.75451610
v 45.30637232 -18.76651388 9.75451610
v 46.92764978 -14.23534693 9.75451610
v 48.09698831 -9.56708581 9.75451610
v 48.80312656 -4.80668842 9.75451610
v 49.57224307 0.00000000 6.52630961
v 49.33353917 4.85892951 6.52630961
v 48.61972632 9.67106486 6.52630961
v 47.43767893 14.39006258 6.52630961
v 45.79878075 18.97047613 6.52630961
v 43.71881528 23.36819362 6.52630961
v 41.21781373 27.54086263 6.52630961
v 38.31986209 31.44829808 6.52630961
v 35.05286923 35.05286923 6.52630961
v 31.44829808 38.31986209 6.52630961
v 27.54086263 41.21781373 6.52630961
v 23.36819362 43.71881528 6.52630961
v 18.97047613 45.79878075 6.52630961
v 14.39006258 47.43767893 6.52630961
v 9.67106486 48.61972632 6.52630961
v 4.85892951 49.33353917 6.52630961
v 0.00000000 49.57224307 6.52630961
v -4.85892951 49.33353917 6.52630961
v -9.67106486 48.61972632 6.52630961
v -14.39006258 47.43767893 6.52630961
v -18.97047613 45.79878075 6.52630961
v -23.36819362 43.71881528 6.52630961
v -27.54086263 41.21781373 6.52630961
v -31.44829808 38.31986209 6.52630961
v -35.05286923 35.05286923 6.52630961
v -38.31986209 31.44829808 6.52630961
v -41.21781373 27.54086263 6.52630961
v -43.71881528 23.36819362 6.52630961
v -45.79878075 18.97047613 6.52630961
v -47.43767893 14.39006258 6.52630961
v -48.61972632 9.67106486 6.52630961
v -49.33353917 4.85892951 6.52630961
v -49.57224307 0.00000000 6.52630961
v -49.33353917 -4.85892951 6.52630961
v -48.61972632 -9.67106486 6.52630961
v -47.43767893 -14.39006258 6.52630961
v -45.79878075 -18.97047613 6.52630961
v -43.71881528 -23.36819362 6.52630961
v -41.21781373 -27.54086263 6.52630961
v -38.31986209 -31.44829808 6.52630961
v -35.05286923 -35.05286923 6.52630961
v -31.44829808 -38.31986209 6.52630961
v -27.54086263 -41.21781373 6.52630961
v -23.36819362 -43.71881528 6.52630961
v -18.97047613 -45.79878075 6.52630961
v -14.39006258 -47.43767893 6.52630961
v -9.67106486 -48.61972632 6.52630961
v -4.85892951 -49.33353917 6.52630961
v -0.00000000 -49.57224307 6.52630961
v 4.85892951 -49.33353917 6.52630961
v 9.67106486 -48.61972632 6.52630961
v 14.39006258 -47.43767893 6.52630961
v 18.97047613 -45.79878075 6.52630961
v 23.36819362 -43.71881528 6.52630961
v 27.54086263 -41.21781373 6.52630961
v 31.44829808 -38.31986209 6.52630961
v 35.05286923 -35.05286923 6.52630961
v 38.31986209 -31.44829808 6.52630961
v 41.21781373 -27.54086263 6.52630961
v 43.71881528 -23.36819362 6.52630961
v 45.79878075 -18.97047613 6.52630961
v 47.43767893 -14.39006258 6.52630961
v 48.61972632 -9.67106486 6.52630961
v 49.33353917 -4.85892951 6.52630961
v 49.89294616 0.00000000 3.27015646
v 49.65269799 4.89036391 3.27015646
v 48.93426719 9.73363093 3.27015646
v 47.74457265 14.48315777 3.27015646
v 46.09507178 19.09320389 3.27015646
v 44.00165016 23.51937201 3.27015646
v 41.48446860 27.71903573 3.27015646
v 38.56776893 31.65174997 3.27015646
v 35.27964056 35.27964056 3.27015646
v 31.65174997 38.56776893 3.27015646
v 27.71903573 41.48446860 3.27015646
v 23.51937201 44.00165016 3.27015646
v 19.09320389 46.09507178 3.27015646
v 14.48315777 47.74457265 3.27015646
v 9.73363093 48.93426719 3.27015646
v 4.89036391 49.65269799 3.27015646
v 0.00000000 49.89294616 3.27015646
v -4.89036391 49.65269799 3.27015646
v -9.73363093 48.93426719 3.27015646
v -14.48315777 47.74457265 3.27015646
v -19.09320389 46.09507178 3.27015646
v -23.51937201 44.00165016 3.27015646
v -27.71903573 41.48446860 3.27015646
v -31.65174997 38.56776893 3.27015646
v -35.27964056 35.27964056 3.27015646
v -38.56776893 31.65174997 3.27015646
v -41.48446860 27.71903573 3.27015646
v -44.00165016 23.51937201 3.27015646
v -46.09507178 19.09320389 3.27015646
v -47.74457265 14.48315777 3.27015646
v -48.93426719 9.73363093 3.27015646
v -49.65269799 4.89036391 3.27015646
v -49.89294616 0.00000000 3.27015646
v -49.65269799 -4.89036391 3.27015646
v -48.93426719 -9.73363093 3.27015646
v -47.74457265 -14.48315777 3.27015646
v -46.09507178 -19.09320389 3.27015646
v -44.00165016 -23.51937201 3.27015646
v -41.48446860 -27.71903573 3.27015646
v -38.56776893 -31.65174997 3.27015646
v -35.27964056 -35.27964056 3.27015646
v -31.65174997 -38.56776893 3.27015646
v -27.71903573 -41.48446860 3.27015646
v -23.51937201 -44.00165016 3.27015646
v -19.09320389 -46.09507178 3.27015646
v -14.48315777 -47.74457265 3.27015646
v -9.73363093 -48.93426719 3.27015646
v -4.89036391 -49.65269799 3.27015646
v -0.00000000 -49.89294616 3.27015646
v 4.89036391 -49.65269799 3.27015646
v 9.73363093 -48.93426719 3.27015646
v 14.48315777 -47.74457265 3.27015646
v 19.09320389 -46.09507178 3.27015646
v 23.51937201 -44.00165016 3.27015646
v 27.71903573 -41.48446860 3.27015646
v 31.65174997 -38.56776893 3.27015646
v 35.27964056 -35.27964056 3.27015646
v 38.56776893 -31.65174997 3.27015646
v 41.48446860 -27.71903573 3.27015646
v 44.00165016 -23.51937201 3.27015646
v 46.09507178 -19.09320389 3.27015646
v 47.74457265 -14.48315777 3.27015646
v 48.93426719 -9.73363093 3.27015646
v 49.65269799 -4.89036391 3.27015646
v 50.00000000 0.00000000 0.00000000
v 49.75923633 4.90085702 0.00000000
v 49.03926402 9.75451610 0.00000000
v 47.84701679 14.51423386 0.00000000
v 46.19397663 19.13417162 0.00000000
v 44.09606322 23.56983684 0.00000000
v 41.57348062 27.77851165 0.00000000
v 38.65052267 31.71966421 0.00000000
v 35.35533906 35.35533906 0.00000000
v 31.71966421 38.65052267 0.00000000
v 27.77851165 41.57348062 0.00000000
v 23.56983684 44.09606322 0.00000000
v 19.13417162 46.19397663 0.00000000
v 14.51423386 47.84701679 0.00000000
v 9.75451610 49.03926402 0.00000000
v 4.90085702 49.75923633 0.00000000
v 0.00000000 50.00000000 0.00000000
v -4.90085702 49.75923633 0.00000000
v -9.75451610 49.03926402 0.00000000
v -14.51423386 47.84701679 0.00000000
v -19.13417162 46.19397663 0.00000000
v -23.56983684 44.09606322 0.00000000
v -27.77851165 41.57348062 0.00000000
v -31.71966421 38.65052267 0.00000000
v -35.35533906 35.35533906 0.00000000
v -38.65052267 31.71966421 0.00000000
v -41.57348062 27.77851165 0.00000000
v -44.09606322 23.56983684 0.00000000
v -46.19397663 19.13417162 0.00000000
v -47.84701679 14.51423386 0.00000000
v -49.03926402 9.75451610 0.00000000
v -49.75923633 4.90085702 0.00000000
v -50.00000000 0.00000000 0.00000000
v -49.75923633 -4.90085702 0.00000000
v -49.03926402 -9.75451610 0.00000000
v -47.84701679 -14.51423386 0.00000000
v -46.19397663 -19.13417162 0.00000000
v -44.09606322 -23.56983684 0.00000000
v -41.57348062 -27.77851165 0.00000000
v -38.65052267 -31.71966421 0.00000000
v -35.35533906 -35.35533906 0.00000000
v -31.71966421 -38.65052267 0.00000000
v -27.77851165 -41.57348062 0.00000000
v -23.56983684 -44.09606322 0.00000000
v -19.13417162 -46.19397663 0.00000000
v -14.51423386 -47.84701679 0.00000000
v -9.75451610 -49.03926402 0.00000000
v -4.90085702 -49.75923633 0.00000000
v -0.00000000 -50.00000000 0.00000000
v 4.90085702 -49.75923633 0.00000000
v 9.75451610 -49.03926402 0.00000000
v 14.51423386 -47.84701679 0.00000000
v 19.13417162 -46.19397663 0.00000000
v 23.56983684 -44.09606322 0.00000000
v 27.77851165 -41.57348062 0.00000000
v 31.71966421 -38.65052267 0.00000000
v 35.35533906 -35.35533906 0.00000000
v 38.65052267 -31.71966421 0.00000000
v 41.57348062 -27.77851165 0.00000000
v 44.09606322 -23.56983684 0.00000000
v 46.19397663 -19.13417162 0.00000000
v 47.84701679 -14.51423386 0.00000000
v 49.03926402 -9.75451610 0.00000000
v 49.75923633 -4.90085702 0.00000000
vn 0.00000000 0.00000000 1.00000000
vn 0.06540313 0.00000000 0.99785892
vn 0.06508820 0.00641063 0.99785892
vn 0.06414643 0.01275952 0.99785892
vn 0.06258689 0.01898553 0.99785892
vn 0.06042461 0.02502869 0.99785892
vn 0.05768041 0.03083082 0.99785892
vn 0.05438071 0.03633603 0.99785892
vn 0.05055730 0.04149131 0.99785892
vn 0.04624700 0.04624700 0.99785892
vn 0.04149131 0.05055730 0.99785892
vn 0.03633603 0.05438071 0.99785892
vn 0.03083082 0.05768041 0.99785892
vn 0.02502869 0.06042461 0.99785892
vn 0.01898553 0.06258689 0.99785892
vn 0.01275952 0.06414643 0.99785892
vn 0.00641063 0.06508820 0.99785892
vn 0.00000000 0.06540313 0.99785892
vn -0.00641063 0.06508820 0.99785892
vn -0.01275952 0.06414643 0.99785892
vn -0.01898553 0.06258689 0.99785892
vn -0.02502869 0.06042461 0.99785892
vn -0.03083082 0.05768041 0.99785892
vn -0.03633603 0.05438071 0.99785892
vn -0.04149131 0.05055730 0.99785892
vn -0.04624700 0.04624700 0.99785892
vn -0.05055730 0.04149131 0.99785892
vn -0.05438071 0.03633603 0.99785892
vn -0.05768041 0.03083082 0.99785892
vn -0.06042461 0.02502869 0.99785892
vn -0.06258689 0.01898553 0.99785892
vn -0.06414643 0.01275952 0.99785892
vn -0.06508820 0.00641063 0.99785892
vn -0.06540313 0.00000000 0.99785892
vn -0.06508820 -0.00641063 0.99785892
vn -0.06414643 -0.01275952 0.99785892
vn -0.06258689 -0.01898553 0.99785892
vn -0.06042461 -0.02502869 0.99785892
vn -0.05768041 -0.03083082 0.99785892
vn -0.05438071 -0.03633603 0.99785892
vn -0.05055730 -0.04149131 0.99785892
vn -0.04624700 -0.04624700 0.99785892
vn -0.04149131 -0.05055730 0.99785892
vn -0.03633603 -0.05438071 0.99785892
vn -0.03083082 -0.05768041 0.99785892
vn -0.02502869 -0.06042461 0.99785892
vn -0.01898553 -0.06258689 0.99785892
vn -0.01275952 -0.06414643 0.99785892
vn -0.00641063 -0.06508820 0.99785892
vn -0.00000000 -0.06540313 0.99785892
vn 0.00641063 -0.06508820 0.99785892
vn 0.01275952 -0.06414643 0.99785892
vn 0.01898553 -0.06258689 0.99785892
vn 0.02502869 -0.06042461 0.99785892
vn 0.03083082 -0.05768041 0.99785892
vn 0.03633603 -0.05438071 0.99785892
vn 0.04149131 -0.05055730 0.99785892
vn 0.04624700 -0.04624700 0.99785892
vn 0.05055730 -0.04149131 0.99785892
vn 0.05438071 -0.03633603 0.99785892
vn 0.05768041 -0.03083082 0.99785892
vn 0.06042461 -0.02502869 0.99785892
vn 0.06258689 -0.01898553 0.99785892
vn 0.06414643 -0.01275952 0.99785892
vn 0.06508820 -0.00641063 0.99785892
vn 0.13052619 0.00000000 0.99144486
vn 0.12989767 0.01279380 0.99144486
vn 0.12801817 0.02546440 0.99144486
vn 0.12490578 0.03788975 0.99144486
vn 0.12059048 0.04995021 0.99144486
vn 0.11511382 0.06152962 0.99144486
vn 0.10852856 0.07251647 0.99144486
vn 0.10089811 0.08280494 0.99144486
vn 0.09229596 0.09229596 0.99144486
vn 0.08280494 0.10089811 0.99144486
vn 0.07251647 0.10852856 0.99144486
vn 0.06152962 0.11511382 0.99144486
vn 0.04995021 0.12059048 0.99144486
vn 0.03788975 0.12490578 0.99144486
vn 0.02546440 0.12801817 0.99144486
vn 0.01279380 0.12989767 0.99144486
vn 0.00000000 0.13052619 0.99144486
vn -0.01279380 0.12989767 0.99144486
vn -0.02546440 0.12801817 0.99144486
vn -0.03788975 0.12490578 0.99144486
vn -0.04995021 0.12059048 0.99144486
vn -0.06152962 0.11511382 0.99144486
vn -0.07251647 0.10852856 0.99144486
vn -0.08280494 0.10089811 0.99144486
vn -0.09229596 0.09229596 0.99144486
vn -0.10089811 0.08280494 0.99144486
vn -0.10852856 0.07251647 0.99144486
vn -0.11511382 0.06152962 0.99144486
vn -0.12059048 0.04995021 0.99144486
vn -0.12490578 0.03788975 0.99144486
vn -0.12801817 0.02546440 0.99144486
vn -0.12989767 0.01279380 0.99144486
vn -0.13052619 0.00000000 0.99144486
vn -0.12989767 -0.01279380 0.99144486
vn -0.12801817 -0.02546440 0.99144486
vn -0.12490578 -0.03788975 0.99144486
vn -0.12059048 -0.04995021 0.99144486
vn -0.11511382 -0.06152962 0.99144486
vn -0.10852856 -0.07251647 0.99144486
vn -0.10089811 -0.08280494 0.99144486
vn -0.09229596 -0.09229596 0.99144486
vn -0.08280494 -0.10089811 0.99144486
vn -0.07251647 -0.10852856 0.99144486
vn -0.06152962 -0.11511382 0.99144486
vn -0.04995021 -0.12059048 0.99144486
vn -0.03788975 -0.12490578 0.99144486
vn -0.02546440 -0.12801817 0.99144486
vn -0.01279380 -0.12989767 0.99144486
vn -0.00000000 -0.13052619 0.99144486
vn 0.01279380 -0.12989767 0.99144486
vn 0.02546440 -0.12801817 0.99144486
vn 0.03788975 -0.12490578 0.99144486
vn 0.04995021 -0.12059048 0.99144486
vn 0.06152962 -0.11511382 0.99144486
vn 0.07251647 -0.10852856 0.99144486
vn 0.08280494 -0.10089811 0.99144486
vn 0.09229596 -0.09229596 0.99144486
vn 0.10089811 -0.08280494 0.99144486
vn 0.10852856 -0.07251647 0.99144486
vn 0.11511382 -0.06152962 0.99144486
vn 0.12059048 -0.04995021 0.99144486
vn 0.12490578 -0.03788975 0.99144486
vn 0.12801817 -0.02546440 0.99144486
vn 0.12989767 -0.01279380 0.99144486
vn 0.19509032 0.00000000 0.98078528
vn 0.19415091 0.01912220 0.98078528
vn 0.19134172 0.03806023 0.98078528
vn 0.18668980 0.05663173 0.98078528
vn 0.18023996 0.07465783 0.98078528
vn 0.17205430 0.09196494 0.98078528
vn 0.16221167 0.10838638 0.98078528
vn 0.15080686 0.12376399 0.98078528
vn 0.13794969 0.13794969 0.98078528
vn 0.12376399 0.15080686 0.98078528
vn 0.10838638 0.16221167 0.98078528
vn 0.09196494 0.17205430 0.98078528
vn 0.07465783 0.18023996 0.98078528
vn 0.05663173 0.18668980 0.98078528
vn 0.03806023 0.19134172 0.98078528
vn 0.01912220 0.19415091 0.98078528
vn 0.00000000 0.19509032 0.98078528
vn -0.01912220 0.19415091 0.98078528
vn -0.03806023 0.19134172 0.98078528
vn -0.05663173 0.18668980 0.98078528
vn -0.07465783 0.18023996 0.98078528
vn -0.09196494 0.17205430 0.98078528
vn -0.10838638 0.16221167 0.98078528
vn -0.12376399 0.15080686 0.98078528
vn -0.13794969 0.13794969 0.98078528
vn -0.15080686 0.12376399 0.98078528
vn -0.16221167 0.10838638 0.98078528
vn -0.17205430 0.09196494 0.98078528
vn -0.18023996 0.07465783 0.98078528
vn -0.18668980 0.05663173 0.98078528
vn -0.19134172 0.03806023 0.98078528
vn -0.19415091 0.01912220 0.98078528
vn -0.19509032 0.00000000 0.98078528
vn -0.19415091 -0.01912220 0.98078528
vn -0.19134172 -0.03806023 0.98078528
vn -0.18668980 -0.05663173 0.98078528
vn -0.18023996 -0.07465783 0.98078528
vn -0.17205430 -0.09196494 0.98078528
vn -0.16221167 -0.10838638 0.98078528
vn -0.15080686 -0.12376399 0.98078528
vn -0.13794969 -0.13794969 0.98078528
vn -0.12376399 -0.15080686 0.98078528
vn -0.10838638 -0.16221167 0.98078528
vn -0.09196494 -0.17205430 0.98078528
vn -0.07465783 -0.18023996 0.98078528
vn -0.05663173 -0.18668980 0.98078528
vn -0.03806023 -0.19134172 0.98078528
vn -0.01912220 -0.19415091 0.98078528
vn -0.00000000 -0.19509032 0.98078528
vn 0.01912220 -0.19415091 0.98078528
vn 0.03806023 -0.19134172 0.98078528
vn 0.05663173 -0.18668980 0.98078528
vn 0.07465783 -0.18023996 0.98078528
vn 0.09196494 -0.17205430 0.98078528
vn 0.10838638 -0.16221167 0.98078528
vn 0.12376399 -0.15080686 0.98078528
vn 0.13794969 -0.13794969 0.98078528
vn 0.15080686 -0.12376399 0.98078528
vn 0.16221167 -0.10838638 0.98078528
vn 0.17205430 -0.09196494 0.98078528
vn 0.18023996 -0.07465783 0.98078528
vn 0.18668980 -0.05663173 0.98078528
vn 0.19134172 -0.03806023 0.98078528
vn 0.19415091 -0.01912220 0.98078528
vn 0.25881905 0.00000000 0.96592583
vn 0.25757276 0.02536870 0.96592583
vn 0.25384591 0.05049309 0.96592583
vn 0.24767438 0.07513120 0.96592583
vn 0.23911762 0.09904576 0.96592583
vn 0.22825802 0.12200645 0.96592583
vn 0.21520017 0.14379216 0.96592583
vn 0.20006983 0.16419306 0.96592583
vn 0.18301270 0.18301270 0.96592583
vn 0.16419306 0.20006983 0.96592583
vn 0.14379216 0.21520017 0.96592583
vn 0.12200645 0.22825802 0.96592583
vn 0.09904576 0.23911762 0.96592583
vn 0.07513120 0.24767438 0.96592583
vn 0.05049309 0.25384591 0.96592583
vn 0.02536870 0.25757276 0.96592583
vn 0.00000000 0.25881905 0.96592583
vn -0.02536870 0.25757276 0.96592583
vn -0.05049309 0.25384591 0.96592583
vn -0.07513120 0.24767438 0.96592583
vn -0.09904576 0.23911762 0.96592583
vn -0.12200645 0.22825802 0.96592583
vn -0.14379216 0.21520017 0.96592583
vn -0.16419306 0.20006983 0.96592583
vn -0.18301270 0.18301270 0.96592583
vn -0.20006983 0.16419306 0.96592583
vn -0.21520017 0.14379216 0.96592583
vn -0.22825802 0.12200645 0.96592583
vn -0.23911762 0.09904576 0.96592583
vn -0.24767438 0.07513120 0.96592583
vn -0.25384591 0.05049309 0.96592583
vn -0.25757276 0.02536870 0.96592583
vn -0.25881905 0.00000000 0.96592583
vn -0.25757276 -0.02536870 0.96592583
vn -0.25384591 -0.05049309 0.96592583
vn -0.24767438 -0.07513120 0.96592583
vn -0.23911762 -0.09904576 0.96592583
vn -0.22825802 -0.12200645 0.96592583
vn -0.21520017 -0.14379216 0.96592583
vn -0.20006983 -0.16419306 0.96592583
vn -0.18301270 -0.18301270 0.96592583
vn -0.16419306 -0.20006983 0.96592583
vn -0.14379216 -0.21520017 0.96592583
vn -0.12200645 -0.22825802 0.96592583
vn -0.09904576 -0.23911762 0.96592583
vn -0.07513120 -0.24767438 0.96592583
vn -0.05049309 -0.25384591 0.96592583
vn -0.02536870 -0.25757276 0.96592583
vn -0.00000000 -0.25881905 0.96592583
vn 0.02536870 -0.25757276 0.96592583
vn 0.05049309 -0.25384591 0.96592583
vn 0.07513120 -0.24767438 0.96592583
vn 0.09904576 -0.23911762 0.96592583
vn 0.12200645 -0.22825802 0.96592583
vn 0.14379216 -0.21520017 0.96592583
vn 0.16419306 -0.20006983 0.96592583
vn 0.18301270 -0.18301270 0.96592583
vn 0.20006983 -0.16419306 0.96592583
vn 0.21520017 -0.14379216 0.96592583
vn 0.22825802 -0.12200645 0.96592583
vn 0.23911762 -0.09904576 0.96592583
vn 0.24767438 -0.07513120 0.96592583
vn 0.25384591 -0.05049309 0.96592583
vn 0.25757276 -0.02536870 0.96592583
vn 0.32143947 0.00000000 0.94693013
vn 0.31989165 0.03150658 0.94693013
vn 0.31526310 0.06270973 0.94693013
vn 0.30759839 0.09330895 0.94693013
vn 0.29697134 0.12300956 0.94693013
vn 0.28348430 0.15152552 0.94693013
vn 0.26726715 0.17858220 0.94693013
vn 0.24847607 0.20391904 0.94693013
vn 0.22729203 0.22729203 0.94693013
vn 0.20391904 0.24847607 0.94693013
vn 0.17858220 0.26726715 0.94693013
vn 0.15152552 0.28348430 0.94693013
vn 0.12300956 0.29697134 0.94693013
vn 0.09330895 0.30759839 0.94693013
vn 0.06270973 0.31526310 0.94693013
vn 0.03150658 0.31989165 0.94693013
vn 0.00000000 0.32143947 0.94693013
vn -0.03150658 0.31989165 0.94693013
vn -0.06270973 0.31526310 0.94693013
vn -0.09330895 0.30759839 0.94693013
vn -0.12300956 0.29697134 0.94693013
vn -0.15152552 0.28348430 0.94693013
vn -0.17858220 0.26726715 0.94693013
vn -0.20391904 0.24847607 0.94693013
vn -0.22729203 0.22729203 0.94693013
vn -0.24847607 0.20391904 0.94693013
vn -0.26726715 0.17858220 0.94693013
vn -0.28348430 0.15152552 0.94693013
vn -0.29697134 0.12300956 0.94693013
vn -0.30759839 0.09330895 0.94693013
vn -0.31526310 0.06270973 0.94693013
vn -0.31989165 0.03150658 0.94693013
vn -0.32143947 0.00000000 0.94693013
vn -0.31989165 -0.03150658 0.94693013
vn -0.31526310 -0.06270973 0.94693013
vn -0.30759839 -0.09330895 0.94693013
vn -0.29697134 -0.12300956 0.94693013
vn -0.28348430 -0.15152552 0.94693013
vn -0.26726715 -0.17858220 0.94693013
vn -0.24847607 -0.20391904 0.94693013
vn -0.22729203 -0.22729203 0.94693013
vn -0.20391904 -0.24847607 0.94693013
vn -0.17858220 -0.26726715 0.94693013
vn -0.15152552 -0.28348430 0.94693013
vn -0.12300956 -0.29697134 0.94693013
vn -0.09330895 -0.30759839 0.94693013
vn -0.06270973 -0.31526310 0.94693013
vn -0.03150658 -0.31989165 0.94693013
vn -0.00000000 -0.32143947 0.94693013
vn 0.03150658 -0.31989165 0.94693013
vn 0.06270973 -0.31526310 0.94693013
vn 0.09330895 -0.30759839 0.94693013
vn 0.12300956 -0.29697134 0.94693013
vn 0.15152552 -0.28348430 0.94693013
vn 0.17858220 -0.26726715 0.94693013
vn 0.20391904 -0.24847607 0.94693013
vn 0.22729203 -0.22729203 0.94693013
vn 0.24847607 -0.20391904 0.94693013
vn 0.26726715 -0.17858220 0.94693013
vn 0.28348430 -0.15152552 0.94693013
vn 0.29697134 -0.12300956 0.94693013
vn 0.30759839 -0.09330895 0.94693013
vn 0.31526310 -0.06270973 0.94693013
vn 0.31989165 -0.03150658 0.94693013
vn 0.38268343 0.00000000 0.92387953
vn 0.38084071 0.03750954 0.92387953
vn 0.37533028 0.07465783 0.92387953
vn 0.36620521 0.11108714 0.92387953
vn 0.35355339 0.14644661 0.92387953
vn 0.33749666 0.18039572 0.92387953
vn 0.31818965 0.21260752 0.92387953
vn 0.29581829 0.24277180 0.92387953
vn 0.27059805 0.27059805 0.92387953
vn 0.24277180 0.29581829 0.92387953
vn 0.21260752 0.31818965 0.92387953
vn 0.18039572 0.33749666 0.92387953
vn 0.14644661 0.35355339 0.92387953
vn 0.11108714 0.36620521 0.92387953
vn 0.07465783 0.37533028 0.92387953
vn 0.03750954 0.38084071 0.92387953
vn 0.00000000 0.38268343 0.92387953
vn -0.03750954 0.38084071 0.92387953
vn -0.07465783 0.37533028 0.92387953
vn -0.11108714 0.36620521 0.92387953
vn -0.14644661 0.35355339 0.92387953
vn -0.18039572 0.33749666 0.92387953
vn -0.21260752 0.31818965 0.92387953
vn -0.24277180 0.29581829 0.92387953
vn -0.27059805 0.27059805 0.92387953
vn -0.29581829 0.24277180 0.92387953
vn -0.31818965 0.21260752 0.92387953
vn -0.33749666 0.18039572 0.92387953
vn -0.35355339 0.14644661 0.92387953
vn -0.36620521 0.11108714 0.92387953
vn -0.37533028 0.07465783 0.92387953
vn -0.38084071 0.03750954 0.92387953
vn -0.38268343 0.00000000 0.92387953
vn -0.38084071 -0.03750954 0.92387953
vn -0.37533028 -0.07465783 0.92387953
vn -0.36620521 -0.11108714 0.92387953
vn -0.35355339 -0.14644661 0.92387953
vn -0.33749666 -0.18039572 0.92387953
vn -0.31818965 -0.21260752 0.92387953
vn -0.29581829 -0.24277180 0.92387953
vn -0.27059805 -0.27059805 0.92387953
vn -0.24277180 -0.29581829 0.92387953
vn -0.21260752 -0.31818965 0.92387953
vn -0.18039572 -0.33749666 0.92387953
vn -0.14644661 -0.35355339 0.92387953
vn -0.11108714 -0.36620521 0.92387953
vn -0.07465783 -0.37533028 0.92387953
vn -0.03750954 -0.38084071 0.92387953
vn -0.00000000 -0.38268343 0.92387953
vn 0.03750954 -0.38084071 0.92387953
vn 0.07465783 -0.37533028 0.92387953
vn 0.11108714 -0.36620521 0.92387953
vn 0.14644661 -0.35355339 0.92387953
vn 0.18039572 -0.33749666 0.92387953
vn 0.21260752 -0.31818965 0.92387953
vn 0.24277180 -0.29581829 0.92387953
vn 0.27059805 -0.27059805 0.92387953
vn 0.29581829 -0.24277180 0.92387953
vn 0.31818965 -0.21260752 0.92387953
vn 0.33749666 -0.18039572 0.92387953
vn 0.35355339 -0.14644661 0.92387953
vn 0.36620521 -0.11108714 0.92387953
vn 0.37533028 -0.07465783 0.92387953
vn 0.38084071 -0.03750954 0.92387953
vn 0.44228869 0.00000000 0.89687274
vn 0.44015895 0.04335187 0.89687274
vn 0.43379024 0.08628624 0.89687274
vn 0.42324389 0.12838963 0.89687274
vn 0.40862147 0.16925655 0.89687274
vn 0.39006380 0.20849345 0.89687274
vn 0.36774961 0.24572243 0.89687274
vn 0.34189378 0.28058497 0.89687274
vn 0.31274533 0.31274533 0.89687274
vn 0.28058497 0.34189378 0.89687274
vn 0.24572243 0.36774961 0.89687274
vn 0.20849345 0.39006380 0.89687274
vn 0.16925655 0.40862147 0.89687274
vn 0.12838963 0.42324389 0.89687274
vn 0.08628624 0.43379024 0.89687274
vn 0.04335187 0.44015895 0.89687274
vn 0.00000000 0.44228869 0.89687274
vn -0.04335187 0.44015895 0.89687274
vn -0.08628624 0.43379024 0.89687274
vn -0.12838963 0.42324389 0.89687274
vn -0.16925655 0.40862147 0.89687274
vn -0.20849345 0.39006380 0.89687274
vn -0.24572243 0.36774961 0.89687274
vn -0.28058497 0.34189378 0.89687274
vn -0.31274533 0.31274533 0.89687274
vn -0.34189378 0.28058497 0.89687274
vn -0.36774961 0.24572243 0.89687274
vn -0.39006380 0.20849345 0.89687274
vn -0.40862147 0.16925655 0.89687274
vn -0.42324389 0.12838963 0.89687274
vn -0.43379024 0.08628624 0.89687274
vn -0.44015895 0.04335187 0.89687274
vn -0.44228869 0.00000000 0.89687274
vn -0.44015895 -0.04335187 0.89687274
vn -0.43379024 -0.08628624 0.89687274
vn -0.42324389 -0.12838963 0.89687274
vn -0.40862147 -0.16925655 0.89687274
vn -0.39006380 -0.20849345 0.89687274
vn -0.36774961 -0.24572243 0.89687274
vn -0.34189378 -0.28058497 0.89687274
vn -0.31274533 -0.31274533 0.89687274
vn -0.28058497 -0.34189378 0.89687274
vn -0.24572243 -0.36774961 0.89687274
vn -0.20849345 -0.39006380 0.89687274
vn -0.16925655 -0.40862147 0.89687274
vn -0.12838963 -0.42324389 0.89687274
vn -0.08628624 -0.43379024 0.89687274
vn -0.04335187 -0.44015895 0.89687274
vn -0.00000000 -0.44228869 0.89687274
vn 0.04335187 -0.44015895 0.89687274
vn 0.08628624 -0.43379024 0.89687274
vn 0.12838963 -0.42324389 0.89687274
vn 0.16925655 -0.40862147 0.89687274
vn 0.20849345 -0.39006380 0.89687274
vn 0.24572243 -0.36774961 0.89687274
vn 0.28058497 -0.34189378 0.89687274
vn 0.31274533 -0.31274533 0.89687274
vn 0.34189378 -0.28058497 0.89687274
vn 0.36774961 -0.24572243 0.89687274
vn 0.39006380 -0.20849345 0.89687274
vn 0.40862147 -0.16925655 0.89687274
vn 0.42324389 -0.12838963 0.89687274
vn 0.43379024 -0.08628624 0.89687274
vn 0.44015895 -0.04335187 0.89687274
vn 0.50000000 0.00000000 0.86602540
vn 0.49759236 0.04900857 0.86602540
vn 0.49039264 0.09754516 0.86602540
vn 0.47847017 0.14514234 0.86602540
vn 0.46193977 0.19134172 0.86602540
vn 0.44096063 0.23569837 0.86602540
vn 0.41573481 0.27778512 0.86602540
vn 0.38650523 0.31719664 0.86602540
vn 0.35355339 0.35355339 0.86602540
vn 0.31719664 0.38650523 0.86602540
vn 0.27778512 0.41573481 0.86602540
vn 0.23569837 0.44096063 0.86602540
vn 0.19134172 0.46193977 0.86602540
vn 0.14514234 0.47847017 0.86602540
vn 0.09754516 0.49039264 0.86602540
vn 0.04900857 0.49759236 0.86602540
vn 0.00000000 0.50000000 0.86602540
vn -0.04900857 0.49759236 0.86602540
vn -0.09754516 0.49039264 0.86602540
vn -0.14514234 0.47847017 0.86602540
vn -0.19134172 0.46193977 0.86602540
vn -0.23569837 0.44096063 0.86602540
vn -0.27778512 0.41573481 0.86602540
vn -0.31719664 0.38650523 0.86602540
vn -0.35355339 0.35355339 0.86602540
vn -0.38650523 0.31719664 0.86602540
vn -0.41573481 0.27778512 0.86602540
vn -0.44096063 0.23569837 0.86602540
vn -0.46193977 0.19134172 0.86602540
vn -0.47847017 0.14514234 0.86602540
vn -0.49039264 0.09754516 0.86602540
vn -0.49759236 0.04900857 0.86602540
vn -0.50000000 0.00000000 0.86602540
vn -0.49759236 -0.04900857 0.86602540
vn -0.49039264 -0.09754516 0.86602540
vn -0.47847017 -0.14514234 0.86602540
vn -0.46193977 -0.19134172 0.86602540
vn -0.44096063 -0.23569837 0.86602540
vn -0.41573481 -0.27778512 0.86602540
vn -0.38650523 -0.31719664 0.86602540
vn -0.35355339 -0.35355339 0.86602540
vn -0.31719664 -0.38650523 0.86602540
vn -0.27778512 -0.41573481 0.86602540
vn -0.23569837 -0.44096063 0.86602540
vn -0.19134172 -0.46193977 0.86602540
vn -0.14514234 -0.47847017 0.86602540
vn -0.09754516 -0.49039264 0.86602540
vn -0.04900857 -0.49759236 0.86602540
vn -0.00000000 -0.50000000 0.86602540
vn 0.04900857 -0.49759236 0.86602540
vn 0.09754516 -0.49039264 0.86602540
vn 0.14514234 -0.47847017 0.86602540
vn 0.19134172 -0.46193977 0.86602540
vn 0.23569837 -0.44096063 0.86602540
vn 0.27778512 -0.41573481 0.86602540
vn 0.31719664 -0.38650523 0.86602540
vn 0.35355339 -0.35355339 0.86602540
vn 0.38650523 -0.31719664 0.86602540
vn 0.41573481 -0.27778512 0.86602540
vn 0.44096063 -0.23569837 0.86602540
vn 0.46193977 -0.19134172 0.86602540
vn 0.47847017 -0.14514234 0.86602540
vn 0.49039264 -0.09754516 0.86602540
vn 0.49759236 -0.04900857 0.86602540
vn 0.55557023 0.00000000 0.83146961
vn 0.55289501 0.05445541 0.83146961
vn 0.54489511 0.10838638 0.83146961
vn 0.53164757 0.16127353 0.83146961
vn 0.51327997 0.21260752 0.83146961
vn 0.48996920 0.26189399 0.83146961
vn 0.46193977 0.30865828 0.83146961
vn 0.42946160 0.35245002 0.83146961
vn 0.39284748 0.39284748 0.83146961
vn 0.35245002 0.42946160 0.83146961
vn 0.30865828 0.46193977 0.83146961
vn 0.26189399 0.48996920 0.83146961
vn 0.21260752 0.51327997 0.83146961
vn 0.16127353 0.53164757 0.83146961
vn 0.10838638 0.54489511 0.83146961
vn 0.05445541 0.55289501 0.83146961
vn 0.00000000 0.55557023 0.83146961
vn -0.05445541 0.55289501 0.83146961
vn -0.10838638 0.54489511 0.83146961
vn -0.16127353 0.53164757 0.83146961
vn -0.21260752 0.51327997 0.83146961
vn -0.26189399 0.48996920 0.83146961
vn -0.30865828 0.46193977 0.83146961
vn -0.35245002 0.42946160 0.83146961
vn -0.39284748 0.39284748 0.83146961
vn -0.42946160 0.35245002 0.83146961
vn -0.46193977 0.30865828 0.83146961
vn -0.48996920 0.26189399 0.83146961
vn -0.51327997 0.21260752 0.83146961
vn -0.53164757 0.16127353 0.83146961
vn -0.54489511 0.10838638 0.83146961
vn -0.55289501 0.05445541 0.83146961
vn -0.55557023 0.00000000 0.83146961
vn -0.55289501 -0.05445541 0.83146961
vn -0.54489511 -0.10838638 0.83146961
vn -0.53164757 -0.16127353 0.83146961
vn -0.51327997 -0.21260752 0.83146961
vn -0.48996920 -0.26189399 0.83146961
vn -0.46193977 -0.30865828 0.83146961
vn -0.42946160 -0.35245002 0.83146961
vn -0.39284748 -0.39284748 0.83146961
vn -0.35245002 -0.42946160 0.83146961
vn -0.30865828 -0.46193977 0.83146961
vn -0.26189399 -0.48996920 0.83146961
vn -0.21260752 -0.51327997 0.83146961
vn -0.16127353 -0.53164757 0.83146961
vn -0.10838638 -0.54489511 0.83146961
vn -0.05445541 -0.55289501 0.83146961
vn -0.00000000 -0.55557023 0.83146961
vn 0.05445541 -0.55289501 0.83146961
vn 0.10838638 -0.54489511 0.83146961
vn 0.16127353 -0.53164757 0.83146961
vn 0.21260752 -0.51327997 0.83146961
vn 0.26189399 -0.48996920 0.83146961
vn 0.30865828 -0.46193977 0.83146961
vn 0.35245002 -0.42946160 0.83146961
vn 0.39284748 -0.39284748 0.83146961
vn 0.42946160 -0.35245002 0.83146961
vn 0.46193977 -0.30865828 0.83146961
vn 0.48996920 -0.26189399 0.83146961
vn 0.51327997 -0.21260752 0.83146961
vn 0.53164757 -0.16127353 0.83146961
vn 0.54489511 -0.10838638 0.83146961
vn 0.55289501 -0.05445541 0.83146961
vn 0.60876143 0.00000000 0.79335334
vn 0.60583008 0.05966905 0.79335334
vn 0.59706425 0.11876346 0.79335334
vn 0.58254837 0.17671411 0.79335334
vn 0.56242222 0.23296291 0.79335334
vn 0.53687965 0.28696815 0.79335334
vn 0.50616663 0.33820973 0.79335334
vn 0.47057895 0.38619416 0.79335334
vn 0.43045933 0.43045933 0.79335334
vn 0.38619416 0.47057895 0.79335334
vn 0.33820973 0.50616663 0.79335334
vn 0.28696815 0.53687965 0.79335334
vn 0.23296291 0.56242222 0.79335334
vn 0.17671411 0.58254837 0.79335334
vn 0.11876346 0.59706425 0.79335334
vn 0.05966905 0.60583008 0.79335334
vn 0.00000000 0.60876143 0.79335334
vn -0.05966905 0.60583008 0.79335334
vn -0.11876346 0.59706425 0.79335334
vn -0.17671411 0.58254837 0.79335334
vn -0.23296291 0.56242222 0.79335334
vn -0.28696815 0.53687965 0.79335334
vn -0.33820973 0.50616663 0.79335334
vn -0.38619416 0.47057895 0.79335334
vn -0.43045933 0.43045933 0.79335334
vn -0.47057895 0.38619416 0.79335334
vn -0.50616663 0.33820973 0.79335334
vn -0.53687965 0.28696815 0.79335334
vn -0.56242222 0.23296291 0.79335334
vn -0.58254837 0.17671411 0.79335334
vn -0.59706425 0.11876346 0.79335334
vn -0.60583008 0.05966905 0.79335334
vn -0.60876143 0.00000000 0.79335334
vn -0.60583008 -0.05966905 0.79335334
vn -0.59706425 -0.11876346 0.79335334
vn -0.58254837 -0.17671411 0.79335334
vn -0.56242222 -0.23296291 0.79335334
vn -0.53687965 -0.28696815 0.79335334
vn -0.50616663 -0.33820973 0.79335334
vn -0.47057895 -0.38619416 0.79335334
vn -0.43045933 -0.43045933 0.79335334
vn -0.38619416 -0.47057895 0.79335334
vn -0.33820973 -0.50616663 0.79335334
vn -0.28696815 -0.53687965 0.79335334
vn -0.23296291 -0.56242222 0.79335334
vn -0.17671411 -0.58254837 0.79335334
vn -0.11876346 -0.59706425 0.79335334
vn -0.05966905 -0.60583008 0.79335334
vn -0.00000000 -0.60876143 0.79335334
vn 0.05966905 -0.60583008 0.79335334
vn 0.11876346 -0.59706425 0.79335334
vn 0.17671411 -0.58254837 0.79335334
vn 0.23296291 -0.56242222 0.79335334
vn 0.28696815 -0.53687965 0.79335334
vn 0.33820973 -0.50616663 0.79335334
vn 0.38619416 -0.47057895 0.79335334
vn 0.43045933 -0.43045933 0.79335334
vn 0.47057895 -0.38619416 0.79335334
vn 0.50616663 -0.33820973 0.79335334
vn 0.53687965 -0.28696815 0.79335334
vn 0.56242222 -0.23296291 0.79335334
vn 0.58254837 -0.17671411 0.79335334
vn 0.59706425 -0.11876346 0.79335334
vn 0.60583008 -0.05966905 0.79335334
vn 0.65934582 0.00000000 0.75183981
vn 0.65617088 0.06462719 0.75183981
vn 0.64667667 0.12863199 0.75183981
vn 0.63095461 0.19139799 0.75183981
vn 0.60915610 0.25232072 0.75183981
vn 0.58149109 0.31081347 0.75183981
vn 0.54822601 0.36631291 0.75183981
vn 0.50968121 0.41828456 0.75183981
vn 0.46622790 0.46622790 0.75183981
vn 0.41828456 0.50968121 0.75183981
vn 0.36631291 0.54822601 0.75183981
vn 0.31081347 0.58149109 0.75183981
vn 0.25232072 0.60915610 0.75183981
vn 0.19139799 0.63095461 0.75183981
vn 0.12863199 0.64667667 0.75183981
vn 0.06462719 0.65617088 0.75183981
vn 0.00000000 0.65934582 0.75183981
vn -0.06462719 0.65617088 0.75183981
vn -0.12863199 0.64667667 0.75183981
vn -0.19139799 0.63095461 0.75183981
vn -0.25232072 0.60915610 0.75183981
vn -0.31081347 0.58149109 0.75183981
vn -0.36631291 0.54822601 0.75183981
vn -0.41828456 0.50968121 0.75183981
vn -0.46622790 0.46622790 0.75183981
vn -0.50968121 0.41828456 0.75183981
vn -0.54822601 0.36631291 0.75183981
vn -0.58149109 0.31081347 0.75183981
vn -0.60915610 0.25232072 0.75183981
vn -0.63095461 0.19139799 0.75183981
vn -0.64667667 0.12863199 0.75183981
vn -0.65617088 0.06462719 0.75183981
vn -0.65934582 0.00000000 0.75183981
vn -0.65617088 -0.06462719 0.75183981
vn -0.64667667 -0.12863199 0.75183981
vn -0.63095461 -0.19139799 0.75183981
vn -0.60915610 -0.25232072 0.75183981
vn -0.58149109 -0.31081347 0.75183981
vn -0.54822601 -0.36631291 0.75183981
vn -0.50968121 -0.41828456 0.75183981
vn -0.46622790 -0.46622790 0.75183981
vn -0.41828456 -0.50968121 0.75183981
vn -0.36631291 -0.54822601 0.75183981
vn -0.31081347 -0.58149109 0.75183981
vn -0.25232072 -0.60915610 0.75183981
vn -0.19139799 -0.63095461 0.75183981
vn -0.12863199 -0.64667667 0.75183981
vn -0.06462719 -0.65617088 0.75183981
vn -0.00000000 -0.65934582 0.75183981
vn 0.06462719 -0.65617088 0.75183981
vn 0.12863199 -0.64667667 0.75183981
vn 0.19139799 -0.63095461 0.75183981
vn 0.25232072 -0.60915610 0.75183981
vn 0.31081347 -0.58149109 0.75183981
vn 0.36631291 -0.54822601 0.75183981
vn 0.41828456 -0.50968121 0.75183981
vn 0.46622790 -0.46622790 0.75183981
vn 0.50968121 -0.41828456 0.75183981
vn 0.54822601 -0.36631291 0.75183981
vn 0.58149109 -0.31081347 0.75183981
vn 0.60915610 -0.25232072 0.75183981
vn 0.63095461 -0.19139799 0.75183981
vn 0.64667667 -0.12863199 0.75183981
vn 0.65617088 -0.06462719 0.75183981
vn 0.70710678 0.00000000 0.70710678
vn 0.70370187 0.06930858 0.70710678
vn 0.69351992 0.13794969 0.70710678
vn 0.67665900 0.20526226 0.70710678
vn 0.65328148 0.27059805 0.70710678
vn 0.62361251 0.33332783 0.70710678
vn 0.58793780 0.39284748 0.70710678
vn 0.54660093 0.44858379 0.70710678
vn 0.50000000 0.50000000 0.70710678
vn 0.44858379 0.54660093 0.70710678
vn 0.39284748 0.58793780 0.70710678
vn 0.33332783 0.62361251 0.70710678
vn 0.27059805 0.65328148 0.70710678
vn 0.20526226 0.67665900 0.70710678
vn 0.13794969 0.69351992 0.70710678
vn 0.06930858 0.70370187 0.70710678
vn 0.00000000 0.70710678 0.70710678
vn -0.06930858 0.70370187 0.70710678
vn -0.13794969 0.69351992 0.70710678
vn -0.20526226 0.67665900 0.70710678
vn -0.27059805 0.65328148 0.70710678
vn -0.33332783 0.62361251 0.70710678
vn -0.39284748 0.58793780 0.70710678
vn -0.44858379 0.54660093 0.70710678
vn -0.50000000 0.50000000 0.70710678
vn -0.54660093 0.44858379 0.70710678
vn -0.58793780 0.39284748 0.70710678
vn -0.62361251 0.33332783 0.70710678
vn -0.65328148 0.27059805 0.70710678
vn -0.67665900 0.20526226 0.70710678
vn -0.69351992 0.13794969 0.70710678
vn -0.70370187 0.06930858 0.70710678
vn -0.70710678 0.00000000 0.70710678
vn -0.70370187 -0.06930858 0.70710678
vn -0.69351992 -0.13794969 0.70710678
vn -0.67665900 -0.20526226 0.70710678
vn -0.65328148 -0.27059805 0.70710678
vn -0.62361251 -0.33332783 0.70710678
vn -0.58793780 -0.39284748 0.70710678
vn -0.54660093 -0.44858379 0.70710678
vn -0.50000000 -0.50000000 0.70710678
vn -0.44858379 -0.54660093 0.70710678
vn -0.39284748 -0.58793780 0.70710678
vn -0.33332783 -0.62361251 0.70710678
vn -0.27059805 -0.65328148 0.70710678
vn -0.20526226 -0.67665900 0.70710678
vn -0.13794969 -0.69351992 0.70710678
vn -0.06930858 -0.70370187 0.70710678
vn -0.00000000 -0.70710678 0.70710678
vn 0.06930858 -0.70370187 0.70710678
vn 0.13794969 -0.69351992 0.70710678
vn 0.20526226 -0.67665900 0.70710678
vn 0.27059805 -0.65328148 0.70710678
vn 0.33332783 -0.62361251 0.70710678
vn 0.39284748 -0.58793780 0.70710678
vn 0.44858379 -0.54660093 0.70710678
vn 0.50000000 -0.50000000 0.70710678
vn 0.54660093 -0.44858379 0.70710678
vn 0.58793780 -0.39284748 0.70710678
vn 0.62361251 -0.33332783 0.70710678
vn 0.65328148 -0.27059805 0.70710678
vn 0.67665900 -0.20526226 0.70710678
vn 0.69351992 -0.13794969 0.70710678
vn 0.70370187 -0.06930858 0.70710678
vn 0.75183981 0.00000000 0.65934582
vn 0.74821949 0.07369319 0.65934582
vn 0.73739342 0.14667667 0.65934582
vn 0.71946584 0.21824758 0.65934582
vn 0.69460941 0.28771664 0.65934582
vn 0.66306351 0.35441483 0.65934582
vn 0.62513195 0.41769982 0.65934582
vn 0.58118003 0.47696212 0.65934582
vn 0.53163103 0.53163103 0.65934582
vn 0.47696212 0.58118003 0.65934582
vn 0.41769982 0.62513195 0.65934582
vn 0.35441483 0.66306351 0.65934582
vn 0.28771664 0.69460941 0.65934582
vn 0.21824758 0.71946584 0.65934582
vn 0.14667667 0.73739342 0.65934582
vn 0.07369319 0.74821949 0.65934582
vn 0.00000000 0.75183981 0.65934582
vn -0.07369319 0.74821949 0.65934582
vn -0.14667667 0.73739342 0.65934582
vn -0.21824758 0.71946584 0.65934582
vn -0.28771664 0.69460941 0.65934582
vn -0.35441483 0.66306351 0.65934582
vn -0.41769982 0.62513195 0.65934582
vn -0.47696212 0.58118003 0.65934582
vn -0.53163103 0.53163103 0.65934582
vn -0.58118003 0.47696212 0.65934582
vn -0.62513195 0.41769982 0.65934582
vn -0.66306351 0.35441483 0.65934582
vn -0.69460941 0.28771664 0.65934582
vn -0.71946584 0.21824758 0.65934582
vn -0.73739342 0.14667667 0.65934582
vn -0.74821949 0.07369319 0.65934582
vn -0.75183981 0.00000000 0.65934582
vn -0.74821949 -0.07369319 0.65934582
vn -0.73739342 -0.14667667 0.65934582
vn -0.71946584 -0.21824758 0.65934582
vn -0.69460941 -0.28771664 0.65934582
vn -0.66306351 -0.35441483 0.65934582
vn -0.62513195 -0.41769982 0.65934582
vn -0.58118003 -0.47696212 0.65934582
vn -0.53163103 -0.53163103 0.65934582
vn -0.47696212 -0.58118003 0.65934582
vn -0.41769982 -0.62513195 0.65934582
vn -0.35441483 -0.66306351 0.65934582
vn -0.28771664 -0.69460941 0.65934582
vn -0.21824758 -0.71946584 0.65934582
vn -0.14667667 -0.73739342 0.65934582
vn -0.07369319 -0.74821949 0.65934582
vn -0.00000000 -0.75183981 0.65934582
vn 0.07369319 -0.74821949 0.65934582
vn 0.14667667 -0.73739342 0.65934582
vn 0.21824758 -0.71946584 0.65934582
vn 0.28771664 -0.69460941 0.65934582
vn 0.35441483 -0.66306351 0.65934582
vn 0.41769982 -0.62513195 0.65934582
vn 0.47696212 -0.58118003 0.65934582
vn 0.53163103 -0.53163103 0.65934582
vn 0.58118003 -0.47696212 0.65934582
vn 0.62513195 -0.41769982 0.65934582
vn 0.66306351 -0.35441483 0.65934582
vn 0.69460941 -0.28771664 0.65934582
vn 0.71946584 -0.21824758 0.65934582
vn 0.73739342 -0.14667667 0.65934582
vn 0.74821949 -0.07369319 0.65934582
vn 0.79335334 0.00000000 0.60876143
vn 0.78953313 0.07776223 0.60876143
vn 0.77810928 0.15477556 0.60876143
vn 0.75919181 0.23029832 0.60876143
vn 0.73296291 0.30360318 0.60876143
vn 0.69967518 0.37398418 0.60876143
vn 0.65964919 0.44076350 0.60876143
vn 0.61327043 0.50329803 0.60876143
vn 0.56098553 0.56098553 0.60876143
vn 0.50329803 0.61327043 0.60876143
vn 0.44076350 0.65964919 0.60876143
vn 0.37398418 0.69967518 0.60876143
vn 0.30360318 0.73296291 0.60876143
vn 0.23029832 0.75919181 0.60876143
vn 0.15477556 0.77810928 0.60876143
vn 0.07776223 0.78953313 0.60876143
vn 0.00000000 0.79335334 0.60876143
vn -0.07776223 0.78953313 0.60876143
vn -0.15477556 0.77810928 0.60876143
vn -0.23029832 0.75919181 0.60876143
vn -0.30360318 0.73296291 0.60876143
vn -0.37398418 0.69967518 0.60876143
vn -0.44076350 0.65964919 0.60876143
vn -0.50329803 0.61327043 0.60876143
vn -0.56098553 0.56098553 0.60876143
vn -0.61327043 0.50329803 0.60876143
vn -0.65964919 0.44076350 0.60876143
vn -0.69967518 0.37398418 0.60876143
vn -0.73296291 0.30360318 0.60876143
vn -0.75919181 0.23029832 0.60876143
vn -0.77810928 0.15477556 0.60876143
vn -0.78953313 0.07776223 0.60876143
vn -0.79335334 0.00000000 0.60876143
vn -0.78953313 -0.07776223 0.60876143
vn -0.77810928 -0.15477556 0.60876143
vn -0.75919181 -0.23029832 0.60876143
vn -0.73296291 -0.30360318 0.60876143
vn -0.69967518 -0.37398418 0.60876143
vn -0.65964919 -0.44076350 0.60876143
vn -0.61327043 -0.50329803 0.60876143
vn -0.56098553 -0.56098553 0.60876143
vn -0.50329803 -0.61327043 0.60876143
vn -0.44076350 -0.65964919 0.60876143
vn -0.37398418 -0.69967518 0.60876143
vn -0.30360318 -0.73296291 0.60876143
vn -0.23029832 -0.75919181 0.60876143
vn -0.15477556 -0.77810928 0.60876143
vn -0.07776223 -0.78953313 0.60876143
vn -0.00000000 -0.79335334 0.60876143
vn 0.07776223 -0.78953313 0.60876143
vn 0.15477556 -0.77810928 0.60876143
vn 0.23029832 -0.75919181 0.60876143
vn 0.30360318 -0.73296291 0.60876143
vn 0.37398418 -0.69967518 0.60876143
vn 0.44076350 -0.65964919 0.60876143
vn 0.50329803 -0.61327043 0.60876143
vn 0.56098553 -0.56098553 0.60876143
vn 0.61327043 -0.50329803 0.60876143
vn 0.65964919 -0.44076350 0.60876143
vn 0.69967518 -0.37398418 0.60876143
vn 0.73296291 -0.30360318 0.60876143
vn 0.75919181 -0.23029832 0.60876143
vn 0.77810928 -0.15477556 0.60876143
vn 0.78953313 -0.07776223 0.60876143
vn 0.83146961 0.00000000 0.55557023
vn 0.82746586 0.08149827 0.55557023
vn 0.81549316 0.16221167 0.55557023
vn 0.79566681 0.24136289 0.55557023
vn 0.76817776 0.31818965 0.55557023
vn 0.73329073 0.39195206 0.55557023
vn 0.69134172 0.46193977 0.55557023
vn 0.64273470 0.52747874 0.55557023
vn 0.58793780 0.58793780 0.55557023
vn 0.52747874 0.64273470 0.55557023
vn 0.46193977 0.69134172 0.55557023
vn 0.39195206 0.73329073 0.55557023
vn 0.31818965 0.76817776 0.55557023
vn 0.24136289 0.79566681 0.55557023
vn 0.16221167 0.81549316 0.55557023
vn 0.08149827 0.82746586 0.55557023
vn 0.00000000 0.83146961 0.55557023
vn -0.08149827 0.82746586 0.55557023
vn -0.16221167 0.81549316 0.55557023
vn -0.24136289 0.79566681 0.55557023
vn -0.31818965 0.76817776 0.55557023
vn -0.39195206 0.73329073 0.55557023
vn -0.46193977 0.69134172 0.55557023
vn -0.52747874 0.64273470 0.55557023
vn -0.58793780 0.58793780 0.55557023
vn -0.64273470 0.52747874 0.55557023
vn -0.69134172 0.46193977 0.55557023
vn -0.73329073 0.39195206 0.55557023
vn -0.76817776 0.31818965 0.55557023
vn -0.79566681 0.24136289 0.55557023
vn -0.81549316 0.16221167 0.55557023
vn -0.82746586 0.08149827 0.55557023
vn -0.83146961 0.00000000 0.55557023
vn -0.82746586 -0.08149827 0.55557023
vn -0.81549316 -0.16221167 0.55557023
vn -0.79566681 -0.24136289 0.55557023
vn -0.76817776 -0.31818965 0.55557023
vn -0.73329073 -0.39195206 0.55557023
vn -0.69134172 -0.46193977 0.55557023
vn -0.64273470 -0.52747874 0.55557023
vn -0.58793780 -0.58793780 0.55557023
vn -0.52747874 -0.64273470 0.55557023
vn -0.46193977 -0.69134172 0.55557023
vn -0.39195206 -0.73329073 0.55557023
vn -0.31818965 -0.76817776 0.55557023
vn -0.24136289 -0.79566681 0.55557023
vn -0.16221167 -0.81549316 0.55557023
vn -0.08149827 -0.82746586 0.55557023
vn -0.00000000 -0.83146961 0.55557023
vn 0.08149827 -0.82746586 0.55557023
vn 0.16221167 -0.81549316 0.55557023
vn 0.24136289 -0.79566681 0.55557023
vn 0.31818965 -0.76817776 0.55557023
vn 0.39195206 -0.73329073 0.55557023
vn 0.46193977 -0.69134172 0.55557023
vn 0.52747874 -0.64273470 0.55557023
vn 0.58793780 -0.58793780 0.55557023
vn 0.64273470 -0.52747874 0.55557023
vn 0.69134172 -0.46193977 0.55557023
vn 0.73329073 -0.39195206 0.55557023
vn 0.76817776 -0.31818965 0.55557023
vn 0.79566681 -0.24136289 0.55557023
vn 0.81549316 -0.16221167 0.55557023
vn 0.82746586 -0.08149827 0.55557023
vn 0.86602540 0.00000000 0.50000000
vn 0.86185525 0.08488533 0.50000000
vn 0.84938497 0.16895317 0.50000000
vn 0.82873464 0.25139390 0.50000000
vn 0.80010315 0.33141357 0.50000000
vn 0.76376622 0.40824155 0.50000000
vn 0.72007381 0.48113794 0.50000000
vn 0.66944669 0.54940070 0.50000000
vn 0.61237244 0.61237244 0.50000000
vn 0.54940070 0.66944669 0.50000000
vn 0.48113794 0.72007381 0.50000000
vn 0.40824155 0.76376622 0.50000000
vn 0.33141357 0.80010315 0.50000000
vn 0.25139390 0.82873464 0.50000000
vn 0.16895317 0.84938497 0.50000000
vn 0.08488533 0.86185525 0.50000000
vn 0.00000000 0.86602540 0.50000000
vn -0.08488533 0.86185525 0.50000000
vn -0.16895317 0.84938497 0.50000000
vn -0.25139390 0.82873464 0.50000000
vn -0.33141357 0.80010315 0.50000000
vn -0.40824155 0.76376622 0.50000000
vn -0.48113794 0.72007381 0.50000000
vn -0.54940070 0.66944669 0.50000000
vn -0.61237244 0.61237244 0.50000000
vn -0.66944669 0.54940070 0.50000000
vn -0.72007381 0.48113794 0.50000000
vn -0.76376622 0.40824155 0.50000000
vn -0.80010315 0.33141357 0.50000000
vn -0.82873464 0.25139390 0.50000000
vn -0.84938497 0.16895317 0.50000000
vn -0.86185525 0.08488533 0.50000000
vn -0.86602540 0.00000000 0.50000000
vn -0.86185525 -0.08488533 0.50000000
vn -0.84938497 -0.16895317 0.50000000
vn -0.82873464 -0.25139390 0.50000000
vn -0.80010315 -0.33141357 0.50000000
vn -0.76376622 -0.40824155 0.50000000
vn -0.72007381 -0.48113794 0.50000000
vn -0.66944669 -0.54940070 0.50000000
vn -0.61237244 -0.61237244 0.50000000
vn -0.54940070 -0.66944669 0.50000000
vn -0.48113794 -0.72007381 0.50000000
vn -0.40824155 -0.76376622 0.50000000
vn -0.33141357 -0.80010315 0.50000000
vn -0.25139390 -0.82873464 0.50000000
vn -0.16895317 -0.84938497 0.50000000
vn -0.08488533 -0.86185525 0.50000000
vn -0.00000000 -0.86602540 0.50000000
vn 0.08488533 -0.86185525 0.50000000
vn 0.16895317 -0.84938497 0.50000000
vn 0.25139390 -0.82873464 0.50000000
vn 0.33141357 -0.80010315 0.50000000
vn 0.40824155 -0.76376622 0.50000000
vn 0.48113794 -0.72007381 0.50000000
vn 0.54940070 -0.66944669 0.50000000
vn 0.61237244 -0.61237244 0.50000000
vn 0.66944669 -0.54940070 0.50000000
vn 0.72007381 -0.48113794 0.50000000
vn 0.76376622 -0.40824155 0.50000000
vn 0.80010315 -0.33141357 0.50000000
vn 0.82873464 -0.25139390 0.50000000
vn 0.84938497 -0.16895317 0.50000000
vn 0.86185525 -0.08488533 0.50000000
vn 0.89687274 0.00000000 0.44228869
vn 0.89255405 0.08790890 0.44228869
vn 0.87963958 0.17497119 0.44228869
vn 0.85825370 0.26034841 0.44228869
vn 0.82860237 0.34321834 0.44228869
vn 0.79097114 0.42278288 0.44228869
vn 0.74572243 0.49827580 0.44228869
vn 0.69329200 0.56897004 0.44228869
vn 0.63418480 0.63418480 0.44228869
vn 0.56897004 0.69329200 0.44228869
vn 0.49827580 0.74572243 0.44228869
vn 0.42278288 0.79097114 0.44228869
vn 0.34321834 0.82860237 0.44228869
vn 0.26034841 0.85825370 0.44228869
vn 0.17497119 0.87963958 0.44228869
vn 0.08790890 0.89255405 0.44228869
vn 0.00000000 0.89687274 0.44228869
vn -0.08790890 0.89255405 0.44228869
vn -0.17497119 0.87963958 0.44228869
vn -0.26034841 0.85825370 0.44228869
vn -0.34321834 0.82860237 0.44228869
vn -0.42278288 0.79097114 0.44228869
vn -0.49827580 0.74572243 0.44228869
vn -0.56897004 0.69329200 0.44228869
vn -0.63418480 0.63418480 0.44228869
vn -0.69329200 0.56897004 0.44228869
vn -0.74572243 0.49827580 0.44228869
vn -0.79097114 0.42278288 0.44228869
vn -0.82860237 0.34321834 0.44228869
vn -0.85825370 0.26034841 0.44228869
vn -0.87963958 0.17497119 0.44228869
vn -0.89255405 0.08790890 0.44228869
vn -0.89687274 0.00000000 0.44228869
vn -0.89255405 -0.08790890 0.44228869
vn -0.87963958 -0.17497119 0.44228869
vn -0.85825370 -0.26034841 0.44228869
vn -0.82860237 -0.34321834 0.44228869
vn -0.79097114 -0.42278288 0.44228869
vn -0.74572243 -0.49827580 0.44228869
vn -0.69329200 -0.56897004 0.44228869
vn -0.63418480 -0.63418480 0.44228869
vn -0.56897004 -0.69329200 0.44228869
vn -0.49827580 -0.74572243 0.44228869
vn -0.42278288 -0.79097114 0.44228869
vn -0.34321834 -0.82860237 0.44228869
vn -0.26034841 -0.85825370 0.44228869
vn -0.17497119 -0.87963958 0.44228869
vn -0.08790890 -0.89255405 0.44228869
vn -0.00000000 -0.89687274 0.44228869
vn 0.08790890 -0.89255405 0.44228869
vn 0.17497119 -0.87963958 0.44228869
vn 0.26034841 -0.85825370 0.44228869
vn 0.34321834 -0.82860237 0.44228869
vn 0.42278288 -0.79097114 0.44228869
vn 0.49827580 -0.74572243 0.44228869
vn 0.56897004 -0.69329200 0.44228869
vn 0.63418480 -0.63418480 0.44228869
vn 0.69329200 -0.56897004 0.44228869
vn 0.74572243 -0.49827580 0.44228869
vn 0.79097114 -0.42278288 0.44228869
vn 0.82860237 -0.34321834 0.44228869
vn 0.85825370 -0.26034841 0.44228869
vn 0.87963958 -0.17497119 0.44228869
vn 0.89255405 -0.08790890 0.44228869
vn 0.92387953 0.00000000 0.38268343
vn 0.91943080 0.09055603 0.38268343
vn 0.90612745 0.18023996 0.38268343
vn 0.88409759 0.26818807 0.38268343
vn 0.85355339 0.35355339 0.38268343
vn 0.81478901 0.43551380 0.38268343
vn 0.76817776 0.51327997 0.38268343
vn 0.71416854 0.58610297 0.38268343
vn 0.65328148 0.65328148 0.38268343
vn 0.58610297 0.71416854 0.38268343
vn 0.51327997 0.76817776 0.38268343
vn 0.43551380 0.81478901 0.38268343
vn 0.35355339 0.85355339 0.38268343
vn 0.26818807 0.88409759 0.38268343
vn 0.18023996 0.90612745 0.38268343
vn 0.09055603 0.91943080 0.38268343
vn 0.00000000 0.92387953 0.38268343
vn -0.09055603 0.91943080 0.38268343
vn -0.18023996 0.90612745 0.38268343
vn -0.26818807 0.88409759 0.38268343
vn -0.35355339 0.85355339 0.38268343
vn -0.43551380 0.81478901 0.38268343
vn -0.51327997 0.76817776 0.38268343
vn -0.58610297 0.71416854 0.38268343
vn -0.65328148 0.65328148 0.38268343
vn -0.71416854 0.58610297 0.38268343
vn -0.76817776 0.51327997 0.38268343
vn -0.81478901 0.43551380 0.38268343
vn -0.85355339 0.35355339 0.38268343
vn -0.88409759 0.26818807 0.38268343
vn -0.90612745 0.18023996 0.38268343
vn -0.91943080 0.09055603 0.38268343
vn -0.92387953 0.00000000 0.38268343
vn -0.91943080 -0.09055603 0.38268343
vn -0.90612745 -0.18023996 0.38268343
vn -0.88409759 -0.26818807 0.38268343
vn -0.85355339 -0.35355339 0.38268343
vn -0.81478901 -0.43551380 0.38268343
vn -0.76817776 -0.51327997 0.38268343
vn -0.71416854 -0.58610297 0.38268343
vn -0.65328148 -0.65328148 0.38268343
vn -0.58610297 -0.71416854 0.38268343
vn -0.51327997 -0.76817776 0.38268343
vn -0.43551380 -0.81478901 0.38268343
vn -0.35355339 -0.85355339 0.38268343
vn -0.26818807 -0.88409759 0.38268343
vn -0.18023996 -0.90612745 0.38268343
vn -0.09055603 -0.91943080 0.38268343
vn -0.00000000 -0.92387953 0.38268343
vn 0.09055603 -0.91943080 0.38268343
vn 0.18023996 -0.90612745 0.38268343
vn 0.26818807 -0.88409759 0.38268343
vn 0.35355339 -0.85355339 0.38268343
vn 0.43551380 -0.81478901 0.38268343
vn 0.51327997 -0.76817776 0.38268343
vn 0.58610297 -0.71416854 0.38268343
vn 0.65328148 -0.65328148 0.38268343
vn 0.71416854 -0.58610297 0.38268343
vn 0.76817776 -0.51327997 0.38268343
vn 0.81478901 -0.43551380 0.38268343
vn 0.85355339 -0.35355339 0.38268343
vn 0.88409759 -0.26818807 0.38268343
vn 0.90612745 -0.18023996 0.38268343
vn 0.91943080 -0.09055603 0.38268343
vn 0.94693013 0.00000000 0.32143947
vn 0.94237040 0.09281538 0.32143947
vn 0.92873513 0.18473690 0.32143947
vn 0.90615564 0.27487931 0.32143947
vn 0.87484937 0.36237447 0.32143947
vn 0.83511782 0.44637977 0.32143947
vn 0.78734363 0.52608619 0.32143947
vn 0.73198689 0.60072611 0.32143947
vn 0.66958072 0.66958072 0.32143947
vn 0.60072611 0.73198689 0.32143947
vn 0.52608619 0.78734363 0.32143947
vn 0.44637977 0.83511782 0.32143947
vn 0.36237447 0.87484937 0.32143947
vn 0.27487931 0.90615564 0.32143947
vn 0.18473690 0.92873513 0.32143947
vn 0.09281538 0.94237040 0.32143947
vn 0.00000000 0.94693013 0.32143947
vn -0.09281538 0.94237040 0.32143947
vn -0.18473690 0.92873513 0.32143947
vn -0.27487931 0.90615564 0.32143947
vn -0.36237447 0.87484937 0.32143947
vn -0.44637977 0.83511782 0.32143947
vn -0.52608619 0.78734363 0.32143947
vn -0.60072611 0.73198689 0.32143947
vn -0.66958072 0.66958072 0.32143947
vn -0.73198689 0.60072611 0.32143947
vn -0.78734363 0.52608619 0.32143947
vn -0.83511782 0.44637977 0.32143947
vn -0.87484937 0.36237447 0.32143947
vn -0.90615564 0.27487931 0.32143947
vn -0.92873513 0.18473690 0.32143947
vn -0.94237040 0.09281538 0.32143947
vn -0.94693013 0.00000000 0.32143947
vn -0.94237040 -0.09281538 0.32143947
vn -0.92873513 -0.18473690 0.32143947
vn -0.90615564 -0.27487931 0.32143947
vn -0.87484937 -0.36237447 0.32143947
vn -0.83511782 -0.44637977 0.32143947
vn -0.78734363 -0.52608619 0.32143947
vn -0.73198689 -0.60072611 0.32143947
vn -0.66958072 -0.66958072 0.32143947
vn -0.60072611 -0.73198689 0.32143947
vn -0.52608619 -0.78734363 0.32143947
vn -0.44637977 -0.83511782 0.32143947
vn -0.36237447 -0.87484937 0.32143947
vn -0.27487931 -0.90615564 0.32143947
vn -0.18473690 -0.92873513 0.32143947
vn -0.09281538 -0.94237040 0.32143947
vn -0.00000000 -0.94693013 0.32143947
vn 0.09281538 -0.94237040 0.32143947
vn 0.18473690 -0.92873513 0.32143947
vn 0.27487931 -0.90615564 0.32143947
vn 0.36237447 -0.87484937 0.32143947
vn 0.44637977 -0.83511782 0.32143947
vn 0.52608619 -0.78734363 0.32143947
vn 0.60072611 -0.73198689 0.32143947
vn 0.66958072 -0.66958072 0.32143947
vn 0.73198689 -0.60072611 0.32143947
vn 0.78734363 -0.52608619 0.32143947
vn 0.83511782 -0.44637977 0.32143947
vn 0.87484937 -0.36237447 0.32143947
vn 0.90615564 -0.27487931 0.32143947
vn 0.92873513 -0.18473690 0.32143947
vn 0.94237040 -0.09281538 0.32143947
vn 0.96592583 0.00000000 0.25881905
vn 0.96127463 0.09467729 0.25881905
vn 0.94736583 0.18844278 0.25881905
vn 0.92433338 0.28039347 0.25881905
vn 0.89239910 0.36964381 0.25881905
vn 0.85187053 0.45533428 0.25881905
vn 0.80313797 0.53663964 0.25881905
vn 0.74667076 0.61277686 0.25881905
vn 0.68301270 0.68301270 0.25881905
vn 0.61277686 0.74667076 0.25881905
vn 0.53663964 0.80313797 0.25881905
vn 0.45533428 0.85187053 0.25881905
vn 0.36964381 0.89239910 0.25881905
vn 0.28039347 0.92433338 0.25881905
vn 0.18844278 0.94736583 0.25881905
vn 0.09467729 0.96127463 0.25881905
vn 0.00000000 0.96592583 0.25881905
vn -0.09467729 0.96127463 0.25881905
vn -0.18844278 0.94736583 0.25881905
vn -0.28039347 0.92433338 0.25881905
vn -0.36964381 0.89239910 0.25881905
vn -0.45533428 0.85187053 0.25881905
vn -0.53663964 0.80313797 0.25881905
vn -0.61277686 0.74667076 0.25881905
vn -0.68301270 0.68301270 0.25881905
vn -0.74667076 0.61277686 0.25881905
vn -0.80313797 0.53663964 0.25881905
vn -0.85187053 0.45533428 0.25881905
vn -0.89239910 0.36964381 0.25881905
vn -0.92433338 0.28039347 0.25881905
vn -0.94736583 0.18844278 0.25881905
vn -0.96127463 0.09467729 0.25881905
vn -0.96592583 0.00000000 0.25881905
vn -0.96127463 -0.09467729 0.25881905
vn -0.94736583 -0.18844278 0.25881905
vn -0.92433338 -0.28039347 0.25881905
vn -0.89239910 -0.36964381 0.25881905
vn -0.85187053 -0.45533428 0.25881905
vn -0.80313797 -0.53663964 0.25881905
vn -0.74667076 -0.61277686 0.25881905
vn -0.68301270 -0.68301270 0.25881905
vn -0.61277686 -0.74667076 0.25881905
vn -0.53663964 -0.80313797 0.25881905
vn -0.45533428 -0.85187053 0.25881905
vn -0.36964381 -0.89239910 0.25881905
vn -0.28039347 -0.92433338 0.25881905
vn -0.18844278 -0.94736583 0.25881905
vn -0.09467729 -0.96127463 0.25881905
vn -0.00000000 -0.96592583 0.25881905
vn 0.09467729 -0.96127463 0.25881905
vn 0.18844278 -0.94736583 0.25881905
vn 0.28039347 -0.92433338 0.25881905
vn 0.36964381 -0.89239910 0.25881905
vn 0.45533428 -0.85187053 0.25881905
vn 0.53663964 -0.80313797 0.25881905
vn 0.61277686 -0.74667076 0.25881905
vn 0.68301270 -0.68301270 0.25881905
vn 0.74667076 -0.61277686 0.25881905
vn 0.80313797 -0.53663964 0.25881905
vn 0.85187053 -0.45533428 0.25881905
vn 0.89239910 -0.36964381 0.25881905
vn 0.92433338 -0.28039347 0.25881905
vn 0.94736583 -0.18844278 0.25881905
vn 0.96127463 -0.09467729 0.25881905
vn 0.98078528 0.00000000 0.19509032
vn 0.97606253 0.09613377 0.19509032
vn 0.96193977 0.19134172 0.19509032
vn 0.93855300 0.28470694 0.19509032
vn 0.90612745 0.37533028 0.19509032
vn 0.86497539 0.46233898 0.19509032
vn 0.81549316 0.54489511 0.19509032
vn 0.75815727 0.62220360 0.19509032
vn 0.69351992 0.69351992 0.19509032
vn 0.62220360 0.75815727 0.19509032
vn 0.54489511 0.81549316 0.19509032
vn 0.46233898 0.86497539 0.19509032
vn 0.37533028 0.90612745 0.19509032
vn 0.28470694 0.93855300 0.19509032
vn 0.19134172 0.96193977 0.19509032
vn 0.09613377 0.97606253 0.19509032
vn 0.00000000 0.98078528 0.19509032
vn -0.09613377 0.97606253 0.19509032
vn -0.19134172 0.96193977 0.19509032
vn -0.28470694 0.93855300 0.19509032
vn -0.37533028 0.90612745 0.19509032
vn -0.46233898 0.86497539 0.19509032
vn -0.54489511 0.81549316 0.19509032
vn -0.62220360 0.75815727 0.19509032
vn -0.69351992 0.69351992 0.19509032
vn -0.75815727 0.62220360 0.19509032
vn -0.81549316 0.54489511 0.19509032
vn -0.86497539 0.46233898 0.19509032
vn -0.90612745 0.37533028 0.19509032
vn -0.93855300 0.28470694 0.19509032
vn -0.96193977 0.19134172 0.19509032
vn -0.97606253 0.09613377 0.19509032
vn -0.98078528 0.00000000 0.19509032
vn -0.97606253 -0.09613377 0.19509032
vn -0.96193977 -0.19134172 0.19509032
vn -0.93855300 -0.28470694 0.19509032
vn -0.90612745 -0.37533028 0.19509032
vn -0.86497539 -0.46233898 0.19509032
vn -0.81549316 -0.54489511 0.19509032
vn -0.75815727 -0.62220360 0.19509032
vn -0.69351992 -0.69351992 0.19509032
vn -0.62220360 -0.75815727 0.19509032
vn -0.54489511 -0.81549316 0.19509032
vn -0.46233898 -0.86497539 0.19509032
vn -0.37533028 -0.90612745 0.19509032
vn -0.28470694 -0.93855300 0.19509032
vn -0.19134172 -0.96193977 0.19509032
vn -0.09613377 -0.97606253 0.19509032
vn -0.00000000 -0.98078528 0.19509032
vn 0.09613377 -0.97606253 0.19509032
vn 0.19134172 -0.96193977 0.19509032
vn 0.28470694 -0.93855300 0.19509032
vn 0.37533028 -0.90612745 0.19509032
vn 0.46233898 -0.86497539 0.19509032
vn 0.54489511 -0.81549316 0.19509032
vn 0.62220360 -0.75815727 0.19509032
vn 0.69351992 -0.69351992 0.19509032
vn 0.75815727 -0.62220360 0.19509032
vn 0.81549316 -0.54489511 0.19509032
vn 0.86497539 -0.46233898 0.19509032
vn 0.90612745 -0.37533028 0.19509032
vn 0.93855300 -0.28470694 0.19509032
vn 0.96193977 -0.19134172 0.19509032
vn 0.97606253 -0.09613377 0.19509032
vn 0.99144486 0.00000000 0.13052619
vn 0.98667078 0.09717859 0.13052619
vn 0.97239453 0.19342130 0.13052619
vn 0.94875358 0.28780125 0.13052619
vn 0.91597562 0.37940952 0.13052619
vn 0.87437631 0.46736387 0.13052619
vn 0.82435627 0.55081725 0.13052619
vn 0.76639724 0.62896596 0.13052619
vn 0.70105738 0.70105738 0.13052619
vn 0.62896596 0.76639724 0.13052619
vn 0.55081725 0.82435627 0.13052619
vn 0.46736387 0.87437631 0.13052619
vn 0.37940952 0.91597562 0.13052619
vn 0.28780125 0.94875358 0.13052619
vn 0.19342130 0.97239453 0.13052619
vn 0.09717859 0.98667078 0.13052619
vn 0.00000000 0.99144486 0.13052619
vn -0.09717859 0.98667078 0.13052619
vn -0.19342130 0.97239453 0.13052619
vn -0.28780125 0.94875358 0.13052619
vn -0.37940952 0.91597562 0.13052619
vn -0.46736387 0.87437631 0.13052619
vn -0.55081725 0.82435627 0.13052619
vn -0.62896596 0.76639724 0.13052619
vn -0.70105738 0.70105738 0.13052619
vn -0.76639724 0.62896596 0.13052619
vn -0.82435627 0.55081725 0.13052619
vn -0.87437631 0.46736387 0.13052619
vn -0.91597562 0.37940952 0.13052619
vn -0.94875358 0.28780125 0.13052619
vn -0.97239453 0.19342130 0.13052619
vn -0.98667078 0.09717859 0.13052619
vn -0.99144486 0.00000000 0.13052619
vn -0.98667078 -0.09717859 0.13052619
vn -0.97239453 -0.19342130 0.13052619
vn -0.94875358 -0.28780125 0.13052619
vn -0.91597562 -0.37940952 0.13052619
vn -0.87437631 -0.46736387 0.13052619
vn -0.82435627 -0.55081725 0.13052619
vn -0.76639724 -0.62896596 0.13052619
vn -0.70105738 -0.70105738 0.13052619
vn -0.62896596 -0.76639724 0.13052619
vn -0.55081725 -0.82435627 0.13052619
vn -0.46736387 -0.87437631 0.13052619
vn -0.37940952 -0.91597562 0.13052619
vn -0.28780125 -0.94875358 0.13052619
vn -0.19342130 -0.97239453 0.13052619
vn -0.09717859 -0.98667078 0.13052619
vn -0.00000000 -0.99144486 0.13052619
vn 0.09717859 -0.98667078 0.13052619
vn 0.19342130 -0.97239453 0.13052619
vn 0.28780125 -0.94875358 0.13052619
vn 0.37940952 -0.91597562 0.13052619
vn 0.46736387 -0.87437631 0.13052619
vn 0.55081725 -0.82435627 0.13052619
vn 0.62896596 -0.76639724 0.13052619
vn 0.70105738 -0.70105738 0.13052619
vn 0.76639724 -0.62896596 0.13052619
vn 0.82435627 -0.55081725 0.13052619
vn 0.87437631 -0.46736387 0.13052619
vn 0.91597562 -0.37940952 0.13052619
vn 0.94875358 -0.28780125 0.13052619
vn 0.97239453 -0.19342130 0.13052619
vn 0.98667078 -0.09717859 0.13052619
vn 0.99785892 0.00000000 0.06540313
vn 0.99305396 0.09780728 0.06540313
vn 0.97868534 0.19467262 0.06540313
vn 0.95489145 0.28966316 0.06540313
vn 0.92190144 0.38186408 0.06540313
vn 0.88003300 0.47038744 0.06540313
vn 0.82968937 0.55438071 0.06540313
vn 0.77135538 0.63303500 0.06540313
vn 0.70559281 0.70559281 0.06540313
vn 0.63303500 0.77135538 0.06540313
vn 0.55438071 0.82968937 0.06540313
vn 0.47038744 0.88003300 0.06540313
vn 0.38186408 0.92190144 0.06540313
vn 0.28966316 0.95489145 0.06540313
vn 0.19467262 0.97868534 0.06540313
vn 0.09780728 0.99305396 0.06540313
vn 0.00000000 0.99785892 0.06540313
vn -0.09780728 0.99305396 0.06540313
vn -0.19467262 0.97868534 0.06540313
vn -0.28966316 0.95489145 0.06540313
vn -0.38186408 0.92190144 0.06540313
vn -0.47038744 0.88003300 0.06540313
vn -0.55438071 0.82968937 0.06540313
vn -0.63303500 0.77135538 0.06540313
vn -0.70559281 0.70559281 0.06540313
vn -0.77135538 0.63303500 0.06540313
vn -0.82968937 0.55438071 0.06540313
vn -0.88003300 0.47038744 0.06540313
vn -0.92190144 0.38186408 0.06540313
vn -0.95489145 0.28966316 0.06540313
vn -0.97868534 0.19467262 0.06540313
vn -0.99305396 0.09780728 0.06540313
vn -0.99785892 0.00000000 0.06540313
vn -0.99305396 -0.09780728 0.06540313
vn -0.97868534 -0.19467262 0.06540313
vn -0.95489145 -0.28966316 0.06540313
vn -0.92190144 -0.38186408 0.06540313
vn -0.88003300 -0.47038744 0.06540313
vn -0.82968937 -0.55438071 0.06540313
vn -0.77135538 -0.63303500 0.06540313
vn -0.70559281 -0.70559281 0.06540313
vn -0.63303500 -0.77135538 0.06540313
vn -0.55438071 -0.82968937 0.06540313
vn -0.47038744 -0.88003300 0.06540313
vn -0.38186408 -0.92190144 0.06540313
vn -0.28966316 -0.95489145 0.06540313
vn -0.19467262 -0.97868534 0.06540313
vn -0.09780728 -0.99305396 0.06540313
vn -0.00000000 -0.99785892 0.06540313
vn 0.09780728 -0.99305396 0.06540313
vn 0.19467262 -0.97868534 0.06540313
vn 0.28966316 -0.95489145 0.06540313
vn 0.38186408 -0.92190144 0.06540313
vn 0.47038744 -0.88003300 0.06540313
vn 0.55438071 -0.82968937 0.06540313
vn 0.63303500 -0.77135538 0.06540313
vn 0.70559281 -0.70559281 0.06540313
vn 0.77135538 -0.63303500 0.06540313
vn 0.82968937 -0.55438071 0.06540313
vn 0.88003300 -0.47038744 0.06540313
vn 0.92190144 -0.38186408 0.06540313
vn 0.95489145 -0.28966316 0.06540313
vn 0.97868534 -0.19467262 0.06540313
vn 0.99305396 -0.09780728 0.06540313
vn 1.00000000 0.00000000 0.00000000
vn 0.99518473 0.09801714 0.00000000
vn 0.98078528 0.19509032 0.00000000
vn 0.95694034 0.29028468 0.00000000
vn 0.92387953 0.38268343 0.00000000
vn 0.88192126 0.47139674 0.00000000
vn 0.83146961 0.55557023 0.00000000
vn 0.77301045 0.63439328 0.00000000
vn 0.70710678 0.70710678 0.00000000
vn 0.63439328 0.77301045 0.00000000
vn 0.55557023 0.83146961 0.00000000
vn 0.47139674 0.88192126 0.00000000
vn 0.38268343 0.92387953 0.00000000
vn 0.29028468 0.95694034 0.00000000
vn 0.19509032 0.98078528 0.00000000
vn 0.09801714 0.99518473 0.00000000
vn 0.00000000 1.00000000 0.00000000
vn -0.09801714 0.99518473 0.00000000
vn -0.19509032 0.98078528 0.00000000
vn -0.29028468 0.95694034 0.00000000
vn -0.38268343 0.92387953 0.00000000
vn -0.47139674 0.88192126 0.00000000
vn -0.55557023 0.83146961 0.00000000
vn -0.63439328 0.77301045 0.00000000
vn -0.70710678 0.70710678 0.00000000
vn -0.77301045 0.63439328 0.00000000
vn -0.83146961 0.55557023 0.00000000
vn -0.88192126 0.47139674 0.00000000
vn -0.92387953 0.38268343 0.00000000
vn -0.95694034 0.29028468 0.00000000
vn -0.98078528 0.19509032 0.00000000
vn -0.99518473 0.09801714 0.00000000
vn -1.00000000 0.00000000 0.00000000
vn -0.99518473 -0.09801714 0.00000000
vn -0.98078528 -0.19509032 0.00000000
vn -0.95694034 -0.29028468 0.00000000
vn -0.92387953 -0.38268343 0.00000000
vn -0.88192126 -0.47139674 0.00000000
vn -0.83146961 -0.55557023 0.00000000
vn -0.77301045 -0.63439328 0.00000000
vn -0.70710678 -0.70710678 0.00000000
vn -0.63439328 -0.77301045 0.00000000
vn -0.55557023 -0.83146961 0.00000000
vn -0.47139674 -0.88192126 0.00000000
vn -0.38268343 -0.92387953 0.00000000
vn -0.29028468 -0.95694034 0.00000000
vn -0.19509032 -0.98078528 0.00000000
vn -0.09801714 -0.99518473 0.00000000
vn -0.00000000 -1.00000000 0.00000000
vn 0.09801714 -0.99518473 0.00000000
vn 0.19509032 -0.98078528 0.00000000
vn 0.29028468 -0.95694034 0.00000000
vn 0.38268343 -0.92387953 0.00000000
vn 0.47139674 -0.88192126 0.00000000
vn 0.55557023 -0.83146961 0.00000000
vn 0.63439328 -0.77301045 0.00000000
vn 0.70710678 -0.70710678 0.00000000
vn 0.77301045 -0.63439328 0.00000000
vn 0.83146961 -0.55557023 0.00000000
vn 0.88192126 -0.47139674 0.00000000
vn 0.92387953 -0.38268343 0.00000000
vn 0.95694034 -0.29028468 0.00000000
vn 0.98078528 -0.19509032 0.00000000
vn 0.99518473 -0.09801714 0.00000000
s 1
f 1//1 2//2 3//3
f 1//1 3//3 4//4
f 1//1 4//4 5//5
f 1//1 5//5 6//6
f 1//1 6//6 7//7
f 1//1 7//7 8//8
f 1//1 8//8 9//9
f 1//1 9//9 10//10
f 1//1 10//10 11//11
f 1//1 11//11 12//12
f 1//1 12//12 13//13
f 1//1 13//13 14//14
f 1//1 14//14 15//15
f 1//1 15//15 16//16
f 1//1 16//16 17//17
f 1//1 17//17 18//18
f 1//1 18//18 19//19
f 1//1 19//19 20//20
f 1//1 20//20 21//21
f 1//1 21//21 22//22
f 1//1 22//22 23//23
f 1//1 23//23 24//24
f 1//1 24//24 25//25
f 1//1 25//25 26//26
f 1//1 26//26 27//27
f 1//1 27//27 28//28
f 1//1 28//28 29//29
f 1//1 29//29 30//30
f 1//1 30//30 31//31
f 1//1 31//31 32//32
f 1//1 32//32 33//33
f 1//1 33//33 34//34
f 1//1 34//34 35//35
f 1//1 35//35 36//36
f 1//1 36//36 37//37
f 1//1 37//37 38//38
f 1//1 38//38 39//39
f 1//1 39//39 40//40
f 1//1 40//40 41//41
f 1//1 41//41 42//42
f 1//1 42//42 43//43
f 1//1 43//43 44//44
f 1//1 44//44 45//45
f 1//1 45//45 46//46
f 1//1 46//46 47//47
f 1//1 47//47 48//48
f 1//1 48//48 49//49
f 1//1 49//49 50//50
f 1//1 50//50 51//51
f 1//1 51//51 52//52
f 1//1 52//52 53//53
f 1//1 53//53 54//54
f 1//1 54//54 55//55
f 1//1 55//55 56//56
f 1//1 56//56 57//57
f 1//1 57//57 58//58
f 1//1 58//58 59//59
f 1//1 59//59 60//60
f 1//1 60//60 61//61
f 1//1 61//61 62//62
f 1//1 62//62 63//63
f 1//1 63//63 64//64
f 1//1 64//64 65//65
f 1//1 65//65 2//2
f 2//2 66//66 67//67
f 2//2 67//67 3//3
f 3//3 67//67 68//68
f 3//3 68//68 4//4
f 4//4 68//68 69//69
f 4//4 69//69 5//5
f 5//5 69//69 70//70
f 5//5 70//70 6//6
f 6//6 70//70 71//71
f 6//6 71//71 7//7
f 7//7 71//71 72//72
f 7//7 72//72 8//8
f 8//8 72//72 73//73
f 8//8 73//73 9//9
f 9//9 73//73 74//74
f 9//9 74//74 10//10
f 10//10 74//74 75//75
f 10//10 75//75 11//11
f 11//11 75//75 76//76
f 11//11 76//76 12//12
f 12//12 76//76 77//77
f 12//12 77//77 13//13
f 13//13 77//77 78//78
f 13//13 78//78 14//14
f 14//14 78//78 79//79
f 14//14 79//79 15//15
f 15//15 79//79 80//80
f 15//15 80//80 16//16
f 16//16 80//80 81//81
f 16//16 81//81 17//17
f 17//17 81//81 82//82
f 17//17 82//82 18//18
f 18//18 82//82 83//83
f 18//18 83//83 19//19
f 19//19 83//83 84//84
f 19//19 84//84 20//20
f 20//20 84//84 85//85
f 20//20 85//85 21//21
f 21//21 85//85 86//86
f 21//21 86//86 22//22
f 22//22 86//86 87//87
f 22//22 87//87 23//23
f 23//23 87//87 88//88
f 23//23 88//88 24//24
f 24//24 88//88 89//89
f 24//24 89//89 25//25
f 25//25 89//89 90//90
f 25//25 90//90 26//26
f 26//26 90//90 91//91
f 26//26 91//91 27//27
f 27//27 91//91 92//92
f 27//27 92//92 28//28
f 28//28 92//92 93//93
f 28//28 93//93 29//29
f 29//29 93//93 94//94
f 29//29 94//94 30//30
f 30//30 94//94 95//95
f 30//30 95//95 31//31
f 31//31 95//95 96//96
f 31//31 96//96 32//32
f 32//32 96//96 97//97
f 32//32 97//97 33//33
f 33//33 97//97 98//98
f 33//33 98//98 34//34
f 34//34 98//98 99//99
f 34//34 99//99 35//35
f 35//35 99//99 100//100
f 35//35 100//100 36//36
f 36//36 100//100 101//101
f 36//36 101//101 37//37
f 37//37 101//101 102//102
f 37//37 102//102 38//38
f 38//38 102//102 103//103
f 38//38 103//103 39//39
f 39//39 103//103 104//104
f 39//39 104//104 40//40
f 40//40 104//104 105//105
f 40//40 105//105 41//41
f 41//41 105//105 106//106
f 41//41 106//106 42//42
f 42//42 106//106 107//107
f 42//42 107//107 43//43
f 43//43 107//107 108//108
f 43//43 108//108 44//44
f 44//44 108//108 109//109
f 44//44 109//109 45//45
f 45//45 109//109 110//110
f 45//45 110//110 46//46
f 46//46 110//110 111//111
f 46//46 111//111 47//47
f 47//47 111//111 112//112
f 47//47 112//112 48//48
f 48//48 112//112 113//113
f 48//48 113//113 49//49
f 49//49 113//113 114//114
f 49//49 114//114 50//50
f 50//50 114//114 115//115
f 50//50 115//115 51//51
f 51//51 115//115 116//116
f 51//51 116//116 52//52
f 52//52 116//116 117//117
f 52//52 117//117 53//53
f 53//53 117//117 118//118
f 53//53 118//118 54//54
f 54//54 118//118 119//119
f 54//54 119//119 55//55
f 55//55 119//119 120//120
f 55//55 120//120 56//56
f 56//56 120//120 121//121
f 56//56 121//121 57//57
f 57//57 121//121 122//122
f 57//57 122//122 58//58
f 58//58 122//122 123//123
f 58//58 123//123 59//59
f 59//59 123//123 124//124
f 59//59 124//124 60//60
f 60//60 124//124 125//125
f 60//60 125//125 61//61
f 61//61 125//125 126//126
f 61//61 126//126 62//62
f 62//62 126//126 127//127
f 62//62 127//127 63//63
f 63//63 127//127 128//128
f 63//63 128//128 64//64
f 64//64 128//128 129//129
f 64//64 129//129 65//65
f 65//65 129//129 66//66
f 65//65 66//66 2//2
f 66//66 130//130 131//131
f 66//66 131//131 67//67
f 67//67 131//131 132//132
f 67//67 132//132 68//68
f 68//68 132//132 133//133
f 68//68 133//133 69//69
f 69//69 133//133 134//134
f 69//69 134//134 70//70
f 70//70 134//134 135//135
f 70//70 135//135 71//71
f 71//71 135//135 136//136
f 71//71 136//136 72//72
f 72//72 136//136 137//137
f 72//72 137//137 73//73
f 73//73 137//137 138//138
f 73//73 138//138 74//74
f 74//74 138//138 139//139
f 74//74 139//139 75//75
f 75//75 139//139 140//140
f 75//75 140//140 76//76
f 76//76 140//140 141//141
f 76//76 141//141 77//77
f 77//77 141//141 142//142
f 77//77 142//142 78//78
f 78//78 142//142 143//143
f 78//78 143//143 79//79
f 79//79 143//143 144//144
f 79//79 144//144 80//80
f 80//80 144//144 145//145
f 80//80 145//145 81//81
f 81//81 145//145 146//146
f 81//81 146//146 82//82
f 82//82 146//146 147//147
f 82//82 147//147 83//83
f 83//83 147//147 148//148
f 83//83 148//148 84//84
f 84//84 148//148 149//149
f 84//84 149//149 85//85
f 85//85 149//149 150//150
f 85//85 150//150 86//86
f 86//86 150//150 151//151
f 86//86 151//151 87//87
f 87//87 151//151 152//152
f 87//87 152//152 88//88
f 88//88 152//152 153//153
f 88//88 153//153 89//89
f 89//89 153//153 154//154
f 89//89 154//154 90//90
f 90//90 154//154 155//155
f 90//90 155//155 91//91
f 91//91 155//155 156//156
f 91//91 156//156 92//92
f 92//92 156//156 157//157
f 92//92 157//157 93//93
f 93//93 157//157 158//158
f 93//93 158//158 94//94
f 94//94 158//158 159//159
f 94//94 159//159 95//95
f 95//95 159//159 160//160
f 95//95 160//160 96//96
f 96//96 160//160 161//161
f 96//96 161//161 97//97
f 97//97 161//161 162//162
f 97//97 162//162 98//98
f 98//98 162//162 163//163
f 98//98 163//163 99//99
f 99//99 163//163 164//164
f 99//99 164//164 100//100
f 100//100 164//164 165//165
f 100//100 165//165 101//101
f 101//101 165//165 166//166
f 101//101 166//166 102//102
f 102//102 166//166 167//167
f 102//102 167//167 103//103
f 103//103 167//167 168//168
f 103//103 168//168 104//104
f 104//104 168//168 169//169
f 104//104 169//169 105//105
f 105//105 169//169 170//170
f 105//105 170//170 106//106
f 106//106 170//170 171//171
f 106//106 171//171 107//107
f 107//107 171//171 172//172
f 107//107 172//172 108//108
f 108//108 172//172 173//173
f 108//108 173//173 109//109
f 109//109 173//173 174//174
f 109//109 174//174 110//110
f 110//110 174//174 175//175
f 110//110 175//175 111//111
f 111//111 175//175 176//176
f 111//111 176//176 112//112
f 112//112 176//176 177//177
f 112//112 177//177 113//113
f 113//113 177//177 178//178
f 113//113 178//178 114//114
f 114//114 178//178 179//179
f 114//114 179//179 115//115
f 115//115 179//179 180//180
f 115//115 180//180 116//116
f 116//116 180//180 181//181
f 116//116 181//181 117//117
f 117//117 181//181 182//182
f 117//117 182//182 118//118
f 118//118 182//182 183//183
f 118//118 183//183 119//119
f 119//119 183//183 184//184
f 119//119 184//184 120//120
f 120//120 184//184 185//185
f 120//120 185//185 121//121
f 121//121 185//185 186//186
f 121//121 186//186 122//122
f 122//122 186//186 187//187
f 122//122 187//187 123//123
f 123//123 187//187 188//188
f 123//123 188//188 124//124
f 124//124 188//188 189//189
f 124//124 189//189 125//125
f 125//125 189//189 190//190
f 125//125 190//190 126//126
f 126//126 190//190 191//191
f 126//126 191//191 127//127
f 127//127 191//191 192//192
f 127//127 192//192 128//128
f 128//128 192//192 193//193
f 128//128 193//193 129//129
f 129//129 193//193 130//130
f 129//129 130//130 66//66
f 130//130 194//194 195//195
f 130//130 195//195 131//131
f 131//131 195//195 196//196
f 131//131 196//196 132//132
f 132//132 196//196 197//197
f 132//132 197//197 133//133
f 133//133 197//197 198//198
f 133//133 198//198 134//134
f 134//134 198//198 199//199
f 134//134 199//199 135//135
f 135//135 199//199 200//200
f 135//135 200//200 136//136
f 136//136 200//200 201//201
f 136//136 201//201 137//137
f 137//137 201//201 202//202
f 137//137 202//202 138//138
f 138//138 202//202 203//203
f 138//138 203//203 139//139
f 139//139 203//203 204//204
f 139//139 204//204 140//140
f 140//140 204//204 205//205
f 140//140 205//205 141//141
f 141//141 205//205 206//206
f 141//141 206//206 142//142
f 142//142 206//206 207//207
f 142//142 207//207 143//143
f 143//143 207//207 208//208
f 143//143 208//208 144//144
f 144//144 208//208 209//209
f 144//144 209//209 145//145
f 145//145 209//209 210//210
f 145//145 210//210 146//146
f 146//146 210//210 211//211
f 146//146 211//211 147//147
f 147//147 211//211 212//212
f 147//147 212//212 148//148
f 148//148 212//212 213//213
f 148//148 213//213 149//149
f 149//149 213//213 214//214
f 149//149 214//214 150//150
f 150//150 214//214 215//215
f 150//150 215//215 151//151
f 151//151 215//215 216//216
f 151//151 216//216 152//152
f 152//152 216//216 217//217
f 152//152 217//217 153//153
f 153//153 217//217 218//218
f 153//153 218//218 154//154
f 154//154 218//218 219//219
f 154//154 219//219 155//155
f 155//155 219//219 220//220
f 155//155 220//220 156//156
f 156//156 220//220 221//221
f 156//156 221//221 157//157
f 157//157 221//221 222//222
f 157//157 222//222 158//158
f 158//158 222//222 223//223
f 158//158 223//223 159//159
f 159//159 223//223 224//224
f 159//159 224//224 160//160
f 160//160 224//224 225//225
f 160//160 225//225 161//161
f 161//161 225//225 226//226
f 161//161 226//226 162//162
f 162//162 226//226 227//227
f 162//162 227//227 163//163
f 163//163 227//227 228//228
f 163//163 228//228 164//164
f 164//164 228//228 229//229
f 164//164 229//229 165//165
f 165//165 229//229 230//230
f 165//165 230//230 166//166
f 166//166 230//230 231//231
f 166//166 231//231 167//167
f 167//167 231//231 232//232
f 167//167 232//232 168//168
f 168//168 232//232 233//233
f 168//168 233//233 169//169
f 169//169 233//233 234//234
f 169//169 234//234 170//170
f 170//170 234//234 235//235
f 170//170 235//235 171//171
f 171//171 235//235 236//236
f 171//171 236//236 172//172
f 172//172 236//236 237//237
f 172//172 237//237 173//173
f 173//173 237//237 238//238
f 173//173 238//238 174//174
f 174//174 238//238 239//239
f 174//174 239//239 175//175
f 175//175 239//239 240//240
f 175//175 240//240 176//176
f 176//176 240//240 241//241
f 176//176 241//241 177//177
f 177//177 241//241 242//242
f 177//177 242//242 178//178
f 178//178 242//242 243//243
f 178//178 243//243 179//179
f 179//179 243//243 244//244
f 179//179 244//244 180//180
f 180//180 244//244 245//245
f 180//180 245//245 181//181
f 181//181 245//245 246//246
f 181//181 246//246 182//182
f 182//182 246//246 247//247
f 182//182 247//247 183//183
f 183//183 247//247 248//248
f 183//183 248//248 184//184
f 184//184 248//248 249//249
f 184//184 249//249 185//185
f 185//185 249//249 250//250
f 185//185 250//250 186//186
f 186//186 250//250 251//251
f 186//186 251//251 187//187
f 187//187 251//251 252//252
f 187//187 252//252 188//188
f 188//188 252//252 253//253
f 188//188 253//253 189//189
f 189//189 253//253 254//254
f 189//189 254//254 190//190
f 190//190 254//254 255//255
f 190//190 255//255 191//191
f 191//191 255//255 256//256
f 191//191 256//256 192//192
f 192//192 256//256 257//257
f 192//192 257//257 193//193
f 193//193 257//257 194//194
f 193//193 194//194 130//130
f 194//194 258//258 259//259
f 194//194 259//259 195//195
f 195//195 259//259 260//260
f 195//195 260//260 196//196
f 196//196 260//260 261//261
f 196//196 261//261 197//197
f 197//197 261//261 262//262
f 197//197 262//262 198//198
f 198//198 262//262 263//263
f 198//198 263//263 199//199
f 199//199 263//263 264//264
f 199//199 264//264 200//200
f 200//200 264//264 265//265
f 200//200 265//265 201//201
f 201//201 265//265 266//266
f 201//201 266//266 202//202
f 202//202 266//266 267//267
f 202//202 267//267 203//203
f 203//203 267//267 268//268
f 203//203 268//268 204//204
f 204//204 268//268 269//269
f 204//204 269//269 205//205
f 205//205 269//269 270//270
f 205//205 270//270 206//206
f 206//206 270//270 271//271
f 206//206 271//271 207//207
f 207//207 271//271 272//272
f 207//207 272//272 208//208
f 208//208 272//272 273//273
f 208//208 273//273 209//209
f 209//209 273//273 274//274
f 209//209 274//274 210//210
f 210//210 274//274 275//275
f 210//210 275//275 211//211
f 211//211 275//275 276//276
f 211//211 276//276 212//212
f 212//212 276//276 277//277
f 212//212 277//277 213//213
f 213//213 277//277 278//278
f 213//213 278//278 214//214
f 214//214 278//278 279//279
f 214//214 279//279 215//215
f 215//215 279//279 280//280
f 215//215 280//280 216//216
f 216//216 280//280 281//281
f 216//216 281//281 217//217
f 217//217 281//281 282//282
f 217//217 282//282 218//218
f 218//218 282//282 283//283
f 218//218 283//283 219//219
f 219//219 283//283 284//284
f 219//219 284//284 220//220
f 220//220 284//284 285//285
f 220//220 285//285 221//221
f 221//221 285//285 286//286
f 221//221 286//286 222//222
f 222//222 286//286 287//287
f 222//222 287//287 223//223
f 223//223 287//287 288//288
f 223//223 288//288 224//224
f 224//224 288//288 289//289
f 224//224 289//289 225//225
f 225//225 289//289 290//290
f 225//225 290//290 226//226
f 226//226 290//290 291//291
f 226//226 291//291 227//227
f 227//227 291//291 292//292
f 227//227 292//292 228//228
f 228//228 292//292 293//293
f 228//228 293//293 229//229
f 229//229 293//293 294//294
f 229//229 294//294 230//230
f 230//230 294//294 295//295
f 230//230 295//295 231//231
f 231//231 295//295 296//296
f 231//231 296//296 232//232
f 232//232 296//296 297//297
f 232//232 297//297 233//233
f 233//233 297//297 298//298
f 233//233 298//298 234//234
f 234//234 298//298 299//299
f 234//234 299//299 235//235
f 235//235 299//299 300//300
f 235//235 300//300 236//236
f 236//236 300//300 301//301
f 236//236 301//301 237//237
f 237//237 301//301 302//302
f 237//237 302//302 238//238
f 238//238 302//302 303//303
f 238//238 303//303 239//239
f 239//239 303//303 304//304
f 239//239 304//304 240//240
f 240//240 304//304 305//305
f 240//240 305//305 241//241
f 241//241 305//305 306//306
f 241//241 306//306 242//242
f 242//242 306//306 307//307
f 242//242 307//307 243//243
f 243//243 307//307 308//308
f 243//243 308//308 244//244
f 244//244 308//308 309//309
f 244//244 309//309 245//245
f 245//245 309//309 310//310
f 245//245 310//310 246//246
f 246//246 310//310 311//311
f 246//246 311//311 247//247
f 247//247 311//311 312//312
f 247//247 312//312 248//248
f 248//248 312//312 313//313
f 248//248 313//313 249//249
f 249//249 313//313 314//314
f 249//249 314//314 250//250
f 250//250 314//314 315//315
f 250//250 315//315 251//251
f 251//251 315//315 316//316
f 251//251 316//316 252//252
f 252//252 316//316 317//317
f 252//252 317//317 253//253
f 253//253 317//317 318//318
f 253//253 318//318 254//254
f 254//254 318//318 319//319
f 254//254 319//319 255//255
f 255//255 319//319 320//320
f 255//255 320//320 256//256
f 256//256 320//320 321//321
f 256//256 321//321 257//257
f 257//257 321//321 258//258
f 257//257 258//258 194//194
f 258//258 322//322 323//323
f 258//258 323//323 259//259
f 259//259 323//323 324//324
f 259//259 324//324 260//260
f 260//260 324//324 325//325
f 260//260 325//325 261//261
f 261//261 325//325 326//326
f 261//261 326//326 262//262
f 262//262 326//326 327//327
f 262//262 327//327 263//263
f 263//263 327//327 328//328
f 263//263 328//328 264//264
f 264//264 328//328 329//329
f 264//264 329//329 265//265
f 265//265 329//329 330//330
f 265//265 330//330 266//266
f 266//266 330//330 331//331
f 266//266 331//331 267//267
f 267//267 331//331 332//332
f 267//267 332//332 268//268
f 268//268 332//332 333//333
f 268//268 333//333 269//269
f 269//269 333//333 334//334
f 269//269 334//334 270//270
f 270//270 334//334 335//335
f 270//270 335//335 271//271
f 271//271 335//335 336//336
f 271//271 336//336 272//272
f 272//272 336//336 337//337
f 272//272 337//337 273//273
f 273//273 337//337 338//338
f 273//273 338//338 274//274
f 274//274 338//338 339//339
f 274//274 339//339 275//275
f 275//275 339//339 340//340
f 275//275 340//340 276//276
f 276//276 340//340 341//341
f 276//276 341//341 277//277
f 277//277 341//341 342//342
f 277//277 342//342 278//278
f 278//278 342//342 343//343
f 278//278 343//343 279//279
f 279//279 343//343 344//344
f 279//279 344//344 280//280
f 280//280 344//344 345//345
f 280//280 345//345 281//281
f 281//281 345//345 346//346
f 281//281 346//346 282//282
f 282//282 346//346 347//347
f 282//282 347//347 283//283
f 283//283 347//347 348//348
f 283//283 348//348 284//284
f 284//284 348//348 349//349
f 284//284 349//349 285//285
f 285//285 349//349 350//350
f 285//285 350//350 286//286
f 286//286 350//350 351//351
f 286//286 351//351 287//287
f 287//287 351//351 352//352
f 287//287 352//352 288//288
f 288//288 352//352 353//353
f 288//288 353//353 289//289
f 289//289 353//353 354//354
f 289//289 354//354 290//290
f 290//290 354//354 355//355
f 290//290 355//355 291//291
f 291//291 355//355 356//356
f 291//291 356//356 292//292
f 292//292 356//356 357//357
f 292//292 357//357 293//293
f 293//293 357//357 358//358
f 293//293 358//358 294//294
f 294//294 358//358 359//359
f 294//294 359//359 295//295
f 295//295 359//359 360//360
f 295//295 360//360 296//296
f 296//296 360//360 361//361
f 296//296 361//361 297//297
f 297//297 361//361 362//362
f 297//297 362//362 298//298
f 298//298 362//362 363//363
f 298//298 363//363 299//299
f 299//299 363//363 364//364
f 299//299 364//364 300//300
f 300//300 364//364 365//365
f 300//300 365//365 301//301
f 301//301 365//365 366//366
f 301//301 366//366 302//302
f 302//302 366//366 367//367
f 302//302 367//367 303//303
f 303//303 367//367 368//368
f 303//303 368//368 304//304
f 304//304 368//368 369//369
f 304//304 369//369 305//305
f 305//305 369//369 370//370
f 305//305 370//370 306//306
f 306//306 370//370 371//371
f 306//306 371//371 307//307
f 307//307 371//371 372//372
f 307//307 372//372 308//308
f 308//308 372//372 373//373
f 308//308 373//373 309//309
f 309//309 373//373 374//374
f 309//309 374//374 310//310
f 310//310 374//374 375//375
f 310//310 375//375 311//311
f 311//311 375//375 376//376
f 311//311 376//376 312//312
f 312//312 376//376 377//377
f 312//312 377//377 313//313
f 313//313 377//377 378//378
f 313//313 378//378 314//314
f 314//314 378//378 379//379
f 314//314 379//379 315//315
f 315//315 379//379 380//380
f 315//315 380//380 316//316
f 316//316 380//380 381//381
f 316//316 381//381 317//317
f 317//317 381//381 382//382
f 317//317 382//382 318//318
f 318//318 382//382 383//383
f 318//318 383//383 319//319
f 319//319 383//383 384//384
f 319//319 384//384 320//320
f 320//320 384//384 385//385
f 320//320 385//385 321//321
f 321//321 385//385 322//322
f 321//321 322//322 258//258
f 322//322 386//386 387//387
f 322//322 387//387 323//323
f 323//323 387//387 388//388
f 323//323 388//388 324//324
f 324//324 388//388 389//389
f 324//324 389//389 325//325
f 325//325 389//389 390//390
f 325//325 390//390 326//326
f 326//326 390//390 391//391
f 326//326 391//391 327//327
f 327//327 391//391 392//392
f 327//327 392//392 328//328
f 328//328 392//392 393//393
f 328//328 393//393 329//329
f 329//329 393//393 394//394
f 329//329 394//394 330//330
f 330//330 394//394 395//395
f 330//330 395//395 331//331
f 331//331 395//395 396//396
f 331//331 396//396 332//332
f 332//332 396//396 397//397
f 332//332 397//397 333//333
f 333//333 397//397 398//398
f 333//333 398//398 334//334
f 334//334 398//398 399//399
f 334//334 399//399 335//335
f 335//335 399//399 400//400
f 335//335 400//400 336//336
f 336//336 400//400 401//401
f 336//336 401//401 337//337
f 337//337 401//401 402//402
f 337//337 402//402 338//338
f 338//338 402//402 403//403
f 338//338 403//403 339//339
f 339//339 403//403 404//404
f 339//339 404//404 340//340
f 340//340 404//404 405//405
f 340//340 405//405 341//341
f 341//341 405//405 406//406
f 341//341 406//406 342//342
f 342//342 406//406 407//407
f 342//342 407//407 343//343
f 343//343 407//407 408//408
f 343//343 408//408 344//344
f 344//344 408//408 409//409
f 344//344 409//409 345//345
f 345//345 409//409 410//410
f 345//345 410//410 346//346
f 346//346 410//410 411//411
f 346//346 411//411 347//347
f 347//347 411//411 412//412
f 347//347 412//412 348//348
f 348//348 412//412 413//413
f 348//348 413//413 349//349
f 349//349 413//413 414//414
f 349//349 414//414 350//350
f 350//350 414//414 415//415
f 350//350 415//415 351//351
f 351//351 415//415 416//416
f 351//351 416//416 352//352
f 352//352 416//416 417//417
f 352//352 417//417 353//353
f 353//353 417//417 418//418
f 353//353 418//418 354//354
f 354//354 418//418 419//419
f 354//354 419//419 355//355
f 355//355 419//419 420//420
f 355//355 420//420 356//356
f 356//356 420//420 421//421
f 356//356 421//421 357//357
f 357//357 421//421 422//422
f 357//357 422//422 358//358
f 358//358 422//422 423//423
f 358//358 423//423 359//359
f 359//359 423//423 424//424
f 359//359 424//424 360//360
f 360//360 424//424 425//425
f 360//360 425//425 361//361
f 361//361 425//425 426//426
f 361//361 426//426 362//362
f 362//362 426//426 427//427
f 362//362 427//427 363//363
f 363//363 427//427 428//428
f 363//363 428//428 364//364
f 364//364 428//428 429//429
f 364//364 429//429 365//365
f 365//365 429//429 430//430
f 365//365 430//430 366//366
f 366//366 430//430 431//431
f 366//366 431//431 367//367
f 367//367 431//431 432//432
f 367//367 432//432 368//368
f 368//368 432//432 433//433
f 368//368 433//433 369//369
f 369//369 433//433 434//434
f 369//369 434//434 370//370
f 370//370 434//434 435//435
f 370//370 435//435 371//371
f 371//371 435//435 436//436
f 371//371 436//436 372//372
f 372//372 436//436 437//437
f 372//372 437//437 373//373
f 373//373 437//437 438//438
f 373//373 438//438 374//374
f 374//374 438//438 439//439
f 374//374 439//439 375//375
f 375//375 439//439 440//440
f 375//375 440//440 376//376
f 376//376 440//440 441//441
f 376//376 441//441 377//377
f 377//377 441//441 442//442
f 377//377 442//442 378//378
f 378//378 442//442 443//443
f 378//378 443//443 379//379
f 379//379 443//443 444//444
f 379//379 444//444 380//380
f 380//380 444//444 445//445
f 380//380 445//445 381//381
f 381//381 445//445 446//446
f 381//381 446//446 382//382
f 382//382 446//446 447//447
f 382//382 447//447 383//383
f 383//383 447//447 448//448
f 383//383 448//448 384//384
f 384//384 448//448 449//449
f 384//384 449//449 385//385
f 385//385 449//449 386//386
f 385//385 386//386 322//322
f 386//386 450//450 451//451
f 386//386 451//451 387//387
f 387//387 451//451 452//452
f 387//387 452//452 388//388
f 388//388 452//452 453//453
f 388//388 453//453 389//389
f 389//389 453//453 454//454
f 389//389 454//454 390//390
f 390//390 454//454 455//455
f 390//390 455//455 391//391
f 391//391 455//455 456//456
f 391//391 456//456 392//392
f 392//392 456//456 457//457
f 392//392 457//457 393//393
f 393//393 457//457 458//458
f 393//393 458//458 394//394
f 394//394 458//458 459//459
f 394//394 459//459 395//395
f 395//395 459//459 460//460
f 395//395 460//460 396//396
f 396//396 460//460 461//461
f 396//396 461//461 397//397
f 397//397 461//461 462//462
f 397//397 462//462 398//398
f 398//398 462//462 463//463
f 398//398 463//463 399//399
f 399//399 463//463 464//464
f 399//399 464//464 400//400
f 400//400 464//464 465//465
f 400//400 465//465 401//401
f 401//401 465//465 466//466
f 401//401 466//466 402//402
f 402//402 466//466 467//467
f 402//402 467//467 403//403
f 403//403 467//467 468//468
f 403//403 468//468 404//404
f 404//404 468//468 469//469
f 404//404 469//469 405//405
f 405//405 469//469 470//470
f 405//405 470//470 406//406
f 406//406 470//470 471//471
f 406//406 471//471 407//407
f 407//407 471//471 472//472
f 407//407 472//472 408//408
f 408//408 472//472 473//473
f 408//408 473//473 409//409
f 409//409 473//473 474//474
f 409//409 474//474 410//410
f 410//410 474//474 475//475
f 410//410 475//475 411//411
f 411//411 475//475 476//476
f 411//411 476//476 412//412
f 412//412 476//476 477//477
f 412//412 477//477 413//413
f 413//413 477//477 478//478
f 413//413 478//478 414//414
f 414//414 478//478 479//479
f 414//414 479//479 415//415
f 415//415 479//479 480//480
f 415//415 480//480 416//416
f 416//416 480//480 481//481
f 416//416 481//481 417//417
f 417//417 481//481 482//482
f 417//417 482//482 418//418
f 418//418 482//482 483//483
f 418//418 483//483 419//419
f 419//419 483//483 484//484
f 419//419 484//484 420//420
f 420//420 484//484 485//485
f 420//420 485//485 421//421
f 421//421 485//485 486//486
f 421//421 486//486 422//422
f 422//422 486//486 487//487
f 422//422 487//487 423//423
f 423//423 487//487 488//488
f 423//423 488//488 424//424
f 424//424 488//488 489//489
f 424//424 489//489 425//425
f 425//425 489//489 490//490
f 425//425 490//490 426//426
f 426//426 490//490 491//491
f 426//426 491//491 427//427
f 427//427 491//491 492//492
f 427//427 492//492 428//428
f 428//428 492//492 493//493
f 428//428 493//493 429//429
f 429//429 493//493 494//494
f 429//429 494//494 430//430
f 430//430 494//494 495//495
f 430//430 495//495 431//431
f 431//431 495//495 496//496
f 431//431 496//496 432//432
f 432//432 496//496 497//497
f 432//432 497//497 433//433
f 433//433 497//497 498//498
f 433//433 498//498 434//434
f 434//434 498//498 499//499
f 434//434 499//499 435//435
f 435//435 499//499 500//500
f 435//435 500//500 436//436
f 436//436 500//500 501//501
f 436//436 501//501 437//437
f 437//437 501//501 502//502
f 437//437 502//502 438//438
f 438//438 502//502 503//503
f 438//438 503//503 439//439
f 439//439 503//503 504//504
f 439//439 504//504 440//440
f 440//440 504//504 505//505
f 440//440 505//505 441//441
f 441//441 505//505 506//506
f 441//441 506//506 442//442
f 442//442 506//506 507//507
f 442//442 507//507 443//443
f 443//443 507//507 508//508
f 443//443 508//508 444//444
f 444//444 508//508 509//509
f 444//444 509//509 445//445
f 445//445 509//509 510//510
f 445//445 510//510 446//446
f 446//446 510//510 511//511
f 446//446 511//511 447//447
f 447//447 511//511 512//512
f 447//447 512//512 448//448
f 448//448 512//512 513//513
f 448//448 513//513 449//449
f 449//449 513//513 450//450
f 449//449 450//450 386//386
f 450//450 514//514 515//515
f 450//450 515//515 451//451
f 451//451 515//515 516//516
f 451//451 516//516 452//452
f 452//452 516//516 517//517
f 452//452 517//517 453//453
f 453//453 517//517 518//518
f 453//453 518//518 454//454
f 454//454 518//518 519//519
f 454//454 519//519 455//455
f 455//455 519//519 520//520
f 455//455 520//520 456//456
f 456//456 520//520 521//521
f 456//456 521//521 457//457
f 457//457 521//521 522//522
f 457//457 522//522 458//458
f 458//458 522//522 523//523
f 458//458 523//523 459//459
f 459//459 523//523 524//524
f 459//459 524//524 460//460
f 460//460 524//524 525//525
f 460//460 525//525 461//461
f 461//461 525//525 526//526
f 461//461 526//526 462//462
f 462//462 526//526 527//527
f 462//462 527//527 463//463
f 463//463 527//527 528//528
f 463//463 528//528 464//464
f 464//464 528//528 529//529
f 464//464 529//529 465//465
f 465//465 529//529 530//530
f 465//465 530//530 466//466
f 466//466 530//530 531//531
f 466//466 531//531 467//467
f 467//467 531//531 532//532
f 467//467 532//532 468//468
f 468//468 532//532 533//533
f 468//468 533//533 469//469
f 469//469 533//533 534//534
f 469//469 534//534 470//470
f 470//470 534//534 535//535
f 470//470 535//535 471//471
f 471//471 535//535 536//536
f 471//471 536//536 472//472
f 472//472 536//536 537//537
f 472//472 537//537 473//473
f 473//473 537//537 538//538
f 473//473 538//538 474//474
f 474//474 538//538 539//539
f 474//474 539//539 475//475
f 475//475 539//539 540//540
f 475//475 540//540 476//476
f 476//476 540//540 541//541
f 476//476 541//541 477//477
f 477//477 541//541 542//542
f 477//477 542//542 478//478
f 478//478 542//542 543//543
f 478//478 543//543 479//479
f 479//479 543//543 544//544
f 479//479 544//544 480//480
f 480//480 544//544 545//545
f 480//480 545//545 481//481
f 481//481 545//545 546//546
f 481//481 546//546 482//482
f 482//482 546//546 547//547
f 482//482 547//547 483//483
f 483//483 547//547 548//548
f 483//483 548//548 484//484
f 484//484 548//548 549//549
f 484//484 549//549 485//485
f 485//485 549//549 550//550
f 485//485 550//550 486//486
f 486//486 550//550 551//551
f 486//486 551//551 487//487
f 487//487 551//551 552//552
f 487//487 552//552 488//488
f 488//488 552//552 553//553
f 488//488 553//553 489//489
f 489//489 553//553 554//554
f 489//489 554//554 490//490
f 490//490 554//554 555//555
f 490//490 555//555 491//491
f 491//491 555//555 556//556
f 491//491 556//556 492//492
f 492//492 556//556 557//557
f 492//492 557//557 493//493
f 493//493 557//557 558//558
f 493//493 558//558 494//494
f 494//494 558//558 559//559
f 494//494 559//559 495//495
f 495//495 559//559 560//560
f 495//495 560//560 496//496
f 496//496 560//560 561//561
f 496//496 561//561 497//497
f 497//497 561//561 562//562
f 497//497 562//562 498//498
f 498//498 562//562 563//563
f 498//498 563//563 499//499
f 499//499 563//563 564//564
f 499//499 564//564 500//500
f 500//500 564//564 565//565
f 500//500 565//565 501//501
f 501//501 565//565 566//566
f 501//501 566//566 502//502
f 502//502 566//566 567//567
f 502//502 567//567 503//503
f 503//503 567//567 568//568
f 503//503 568//568 504//504
f 504//504 568//568 569//569
f 504//504 569//569 505//505
f 505//505 569//569 570//570
f 505//505 570//570 506//506
f 506//506 570//570 571//571
f 506//506 571//571 507//507
f 507//507 571//571 572//572
f 507//507 572//572 508//508
f 508//508 572//572 573//573
f 508//508 573//573 509//509
f 509//509 573//573 574//574
f 509//509 574//574 510//510
f 510//510 574//574 575//575
f 510//510 575//575 511//511
f 511//511 575//575 576//576
f 511//511 576//576 512//512
f 512//512 576//576 577//577
f 512//512 577//577 513//513
f 513//513 577//577 514//514
f 513//513 514//514 450//450
f 514//514 578//578 579//579
f 514//514 579//579 515//515
f 515//515 579//579 580//580
f 515//515 580//580 516//516
f 516//516 580//580 581//581
f 516//516 581//581 517//517
f 517//517 581//581 582//582
f 517//517 582//582 518//518
f 518//518 582//582 583//583
f 518//518 583//583 519//519
f 519//519 583//583 584//584
f 519//519 584//584 520//520
f 520//520 584//584 585//585
f 520//520 585//585 521//521
f 521//521 585//585 586//586
f 521//521 586//586 522//522
f 522//522 586//586 587//587
f 522//522 587//587 523//523
f 523//523 587//587 588//588
f 523//523 588//588 524//524
f 524//524 588//588 589//589
f 524//524 589//589 525//525
f 525//525 589//589 590//590
f 525//525 590//590 526//526
f 526//526 590//590 591//591
f 526//526 591//591 527//527
f 527//527 591//591 592//592
f 527//527 592//592 528//528
f 528//528 592//592 593//593
f 528//528 593//593 529//529
f 529//529 593//593 594//594
f 529//529 594//594 530//530
f 530//530 594//594 595//595
f 530//530 595//595 531//531
f 531//531 595//595 596//596
f 531//531 596//596 532//532
f 532//532 596//596 597//597
f 532//532 597//597 533//533
f 533//533 597//597 598//598
f 533//533 598//598 534//534
f 534//534 598//598 599//599
f 534//534 599//599 535//535
f 535//535 599//599 600//600
f 535//535 600//600 536//536
f 536//536 600//600 601//601
f 536//536 601//601 537//537
f 537//537 601//601 602//602
f 537//537 602//602 538//538
f 538//538 602//602 603//603
f 538//538 603//603 539//539
f 539//539 603//603 604//604
f 539//539 604//604 540//540
f 540//540 604//604 605//605
f 540//540 605//605 541//541
f 541//541 605//605 606//606
f 541//541 606//606 542//542
f 542//542 606//606 607//607
f 542//542 607//607 543//543
f 543//543 607//607 608//608
f 543//543 608//608 544//544
f 544//544 608//608 609//609
f 544//544 609//609 545//545
f 545//545 609//609 610//610
f 545//545 610//610 546//546
f 546//546 610//610 611//611
f 546//546 611//611 547//547
f 547//547 611//611 612//612
f 547//547 612//612 548//548
f 548//548 612//612 613//613
f 548//548 613//613 549//549
f 549//549 613//613 614//614
f 549//549 614//614 550//550
f 550//550 614//614 615//615
f 550//550 615//615 551//551
f 551//551 615//615 616//616
f 551//551 616//616 552//552
f 552//552 616//616 617//617
f 552//552 617//617 553//553
f 553//553 617//617 618//618
f 553//553 618//618 554//554
f 554//554 618//618 619//619
f 554//554 619//619 555//555
f 555//555 619//619 620//620
f 555//555 620//620 556//556
f 556//556 620//620 621//621
f 556//556 621//621 557//557
f 557//557 621//621 622//622
f 557//557 622//622 558//558
f 558//558 622//622 623//623
f 558//558 623//623 559//559
f 559//559 623//623 624//624
f 559//559 624//624 560//560
f 560//560 624//624 625//625
f 560//560 625//625 561//561
f 561//561 625//625 626//626
f 561//561 626//626 562//562
f 562//562 626//626 627//627
f 562//562 627//627 563//563
f 563//563 627//627 628//628
f 563//563 628//628 564//564
f 564//564 628//628 629//629
f 564//564 629//629 565//565
f 565//565 629//629 630//630
f 565//565 630//630 566//566
f 566//566 630//630 631//631
f 566//566 631//631 567//567
f 567//567 631//631 632//632
f 567//567 632//632 568//568
f 568//568 632//632 633//633
f 568//568 633//633 569//569
f 569//569 633//633 634//634
f 569//569 634//634 570//570
f 570//570 634//634 635//635
f 570//570 635//635 571//571
f 571//571 635//635 636//636
f 571//571 636//636 572//572
f 572//572 636//636 637//637
f 572//572 637//637 573//573
f 573//573 637//637 638//638
f 573//573 638//638 574//574
f 574//574 638//638 639//639
f 574//574 639//639 575//575
f 575//575 639//639 640//640
f 575//575 640//640 576//576
f 576//576 640//640 641//641
f 576//576 641//641 577//577
f 577//577 641//641 578//578
f 577//577 578//578 514//514
f 578//578 642//642 643//643
f 578//578 643//643 579//579
f 579//579 643//643 644//644
f 579//579 644//644 580//580
f 580//580 644//644 645//645
f 580//580 645//645 581//581
f 581//581 645//645 646//646
f 581//581 646//646 582//582
f 582//582 646//646 647//647
f 582//582 647//647 583//583
f 583//583 647//647 648//648
f 583//583 648//648 584//584
f 584//584 648//648 649//649
f 584//584 649//649 585//585
f 585//585 649//649 650//650
f 585//585 650//650 586//586
f 586//586 650//650 651//651
f 586//586 651//651 587//587
f 587//587 651//651 652//652
f 587//587 652//652 588//588
f 588//588 652//652 653//653
f 588//588 653//653 589//589
f 589//589 653//653 654//654
f 589//589 654//654 590//590
f 590//590 654//654 655//655
f 590//590 655//655 591//591
f 591//591 655//655 656//656
f 591//591 656//656 592//592
f 592//592 656//656 657//657
f 592//592 657//657 593//593
f 593//593 657//657 658//658
f 593//593 658//658 594//594
f 594//594 658//658 659//659
f 594//594 659//659 595//595
f 595//595 659//659 660//660
f 595//595 660//660 596//596
f 596//596 660//660 661//661
f 596//596 661//661 597//597
f 597//597 661//661 662//662
f 597//597 662//662 598//598
f 598//598 662//662 663//663
f 598//598 663//663 599//599
f 599//599 663//663 664//664
f 599//599 664//664 600//600
f 600//600 664//664 665//665
f 600//600 665//665 601//601
f 601//601 665//665 666//666
f 601//601 666//666 602//602
f 602//602 666//666 667//667
f 602//602 667//667 603//603
f 603//603 667//667 668//668
f 603//603 668//668 604//604
f 604//604 668//668 669//669
f 604//604 669//669 605//605
f 605//605 669//669 670//670
f 605//605 670//670 606//606
f 606//606 670//670 671//671
f 606//606 671//671 607//607
f 607//607 671//671 672//672
f 607//607 672//672 608//608
f 608//608 672//672 673//673
f 608//608 673//673 609//609
f 609//609 673//673 674//674
f 609//609 674//674 610//610
f 610//610 674//674 675//675
f 610//610 675//675 611//611
f 611//611 675//675 676//676
f 611//611 676//676 612//612
f 612//612 676//676 677//677
f 612//612 677//677 613//613
f 613//613 677//677 678//678
f 613//613 678//678 614//614
f 614//614 678//678 679//679
f 614//614 679//679 615//615
f 615//615 679//679 680//680
f 615//615 680//680 616//616
f 616//616 680//680 681//681
f 616//616 681//681 617//617
f 617//617 681//681 682//682
f 617//617 682//682 618//618
f 618//618 682//682 683//683
f 618//618 683//683 619//619
f 619//619 683//683 684//684
f 619//619 684//684 620//620
f 620//620 684//684 685//685
f 620//620 685//685 621//621
f 621//621 685//685 686//686
f 621//621 686//686 622//622
f 622//622 686//686 687//687
f 622//622 687//687 623//623
f 623//623 687//687 688//688
f 623//623 688//688 624//624
f 624//624 688//688 689//689
f 624//624 689//689 625//625
f 625//625 689//689 690//690
f 625//625 690//690 626//626
f 626//626 690//690 691//691
f 626//626 691//691 627//627
f 627//627 691//691 692//692
f 627//627 692//692 628//628
f 628//628 692//692 693//693
f 628//628 693//693 629//629
f 629//629 693//693 694//694
f 629//629 694//694 630//630
f 630//630 694//694 695//695
f 630//630 695//695 631//631
f 631//631 695//695 696//696
f 631//631 696//696 632//632
f 632//632 696//696 697//697
f 632//632 697//697 633//633
f 633//633 697//697 698//698
f 633//633 698//698 634//634
f 634//634 698//698 699//699
f 634//634 699//699 635//635
f 635//635 699//699 700//700
f 635//635 700//700 636//636
f 636//636 700//700 701//701
f 636//636 701//701 637//637
f 637//637 701//701 702//702
f 637//637 702//702 638//638
f 638//638 702//702 703//703
f 638//638 703//703 639//639
f 639//639 703//703 704//704
f 639//639 704//704 640//640
f 640//640 704//704 705//705
f 640//640 705//705 641//641
f 641//641 705//705 642//642
f 641//641 642//642 578//578
f 642//642 706//706 707//707
f 642//642 707//707 643//643
f 643//643 707//707 708//708
f 643//643 708//708 644//644
f 644//644 708//708 709//709
f 644//644 709//709 645//645
f 645//645 709//709 710//710
f 645//645 710//710 646//646
f 646//646 710//710 711//711
f 646//646 711//711 647//647
f 647//647 711//711 712//712
f 647//647 712//712 648//648
f 648//648 712//712 713//713
f 648//648 713//713 649//649
f 649//649 713//713 714//714
f 649//649 714//714 650//650
f 650//650 714//714 715//715
f 650//650 715//715 651//651
f 651//651 715//715 716//716
f 651//651 716//716 652//652
f 652//652 716//716 717//717
f 652//652 717//717 653//653
f 653//653 717//717 718//718
f 653//653 718//718 654//654
f 654//654 718//718 719//719
f 654//654 719//719 655//655
f 655//655 719//719 720//720
f 655//655 720//720 656//656
f 656//656 720//720 721//721
f 656//656 721//721 657//657
f 657//657 721//721 722//722
f 657//657 722//722 658//658
f 658//658 722//722 723//723
f 658//658 723//723 659//659
f 659//659 723//723 724//724
f 659//659 724//724 660//660
f 660//660 724//724 725//725
f 660//660 725//725 661//661
f 661//661 725//725 726//726
f 661//661 726//726 662//662
f 662//662 726//726 727//727
f 662//662 727//727 663//663
f 663//663 727//727 728//728
f 663//663 728//728 664//664
f 664//664 728//728 729//729
f 664//664 729//729 665//665
f 665//665 729//729 730//730
f 665//665 730//730 666//666
f 666//666 730//730 731//731
f 666//666 731//731 667//667
f 667//667 731//731 732//732
f 667//667 732//732 668//668
f 668//668 732//732 733//733
f 668//668 733//733 669//669
f 669//669 733//733 734//734
f 669//669 734//734 670//670
f 670//670 734//734 735//735
f 670//670 735//735 671//671
f 671//671 735//735 736//736
f 671//671 736//736 672//672
f 672//672 736//736 737//737
f 672//672 737//737 673//673
f 673//673 737//737 738//738
f 673//673 738//738 674//674
f 674//674 738//738 739//739
f 674//674 739//739 675//675
f 675//675 739//739 740//740
f 675//675 740//740 676//676
f 676//676 740//740 741//741
f 676//676 741//741 677//677
f 677//677 741//741 742//742
f 677//677 742//742 678//678
f 678//678 742//742 743//743
f 678//678 743//743 679//679
f 679//679 743//743 744//744
f 679//679 744//744 680//680
f 680//680 744//744 745//745
f 680//680 745//745 681//681
f 681//681 745//745 746//746
f 681//681 746//746 682//682
f 682//682 746//746 747//747
f 682//682 747//747 683//683
f 683//683 747//747 748//748
f 683//683 748//748 684//684
f 684//684 748//748 749//749
f 684//684 749//749 685//685
f 685//685 749//749 750//750
f 685//685 750//750 686//686
f 686//686 750//750 751//751
f 686//686 751//751 687//687
f 687//687 751//751 752//752
f 687//687 752//752 688//688
f 688//688 752//752 753//753
f 688//688 753//753 689//689
f 689//689 753//753 754//754
f 689//689 754//754 690//690
f 690//690 754//754 755//755
f 690//690 755//755 691//691
f 691//691 755//755 756//756
f 691//691 756//756 692//692
f 692//692 756//756 757//757
f 692//692 757//757 693//693
f 693//693 757//757 758//758
f 693//693 758//758 694//694
f 694//694 758//758 759//759
f 694//694 759//759 695//695
f 695//695 759//759 760//760
f 695//695 760//760 696//696
f 696//696 760//760 761//761
f 696//696 761//761 697//697
f 697//697 761//761 762//762
f 697//697 762//762 698//698
f 698//698 762//762 763//763
f 698//698 763//763 699//699
f 699//699 763//763 764//764
f 699//699 764//764 700//700
f 700//700 764//764 765//765
f 700//700 765//765 701//701
f 701//701 765//765 766//766
f 701//701 766//766 702//702
f 702//702 766//766 767//767
f 702//702 767//767 703//703
f 703//703 767//767 768//768
f 703//703 768//768 704//704
f 704//704 768//768 769//769
f 704//704 769//769 705//705
f 705//705 769//769 706//706
f 705//705 706//706 642//642
f 706//706 770//770 771//771
f 706//706 771//771 707//707
f 707//707 771//771 772//772
f 707//707 772//772 708//708
f 708//708 772//772 773//773
f 708//708 773//773 709//709
f 709//709 773//773 774//774
f 709//709 774//774 710//710
f 710//710 774//774 775//775
f 710//710 775//775 711//711
f 711//711 775//775 776//776
f 711//711 776//776 712//712
f 712//712 776//776 777//777
f 712//712 777//777 713//713
f 713//713 777//777 778//778
f 713//713 778//778 714//714
f 714//714 778//778 779//779
f 714//714 779//779 715//715
f 715//715 779//779 780//780
f 715//715 780//780 716//716
f 716//716 780//780 781//781
f 716//716 781//781 717//717
f 717//717 781//781 782//782
f 717//717 782//782 718//718
f 718//718 782//782 783//783
f 718//718 783//783 719//719
f 719//719 783//783 784//784
f 719//719 784//784 720//720
f 720//720 784//784 785//785
f 720//720 785//785 721//721
f 721//721 785//785 786//786
f 721//721 786//786 722//722
f 722//722 786//786 787//787
f 722//722 787//787 723//723
f 723//723 787//787 788//788
f 723//723 788//788 724//724
f 724//724 788//788 789//789
f 724//724 789//789 725//725
f 725//725 789//789 790//790
f 725//725 790//790 726//726
f 726//726 790//790 791//791
f 726//726 791//791 727//727
f 727//727 791//791 792//792
f 727//727 792//792 728//728
f 728//728 792//792 793//793
f 728//728 793//793 729//729
f 729//729 793//793 794//794
f 729//729 794//794 730//730
f 730//730 794//794 795//795
f 730//730 795//795 731//731
f 731//731 795//795 796//796
f 731//731 796//796 732//732
f 732//732 796//796 797//797
f 732//732 797//797 733//733
f 733//733 797//797 798//798
f 733//733 798//798 734//734
f 734//734 798//798 799//799
f 734//734 799//799 735//735
f 735//735 799//799 800//800
f 735//735 800//800 736//736
f 736//736 800//800 801//801
f 736//736 801//801 737//737
f 737//737 801//801 802//802
f 737//737 802//802 738//738
f 738//738 802//802 803//803
f 738//738 803//803 739//739
f 739//739 803//803 804//804
f 739//739 804//804 740//740
f 740//740 804//804 805//805
f 740//740 805//805 741//741
f 741//741 805//805 806//806
f 741//741 806//806 742//742
f 742//742 806//806 807//807
f 742//742 807//807 743//743
f 743//743 807//807 808//808
f 743//743 808//808 744//744
f 744//744 808//808 809//809
f 744//744 809//809 745//745
f 745//745 809//809 810//810
f 745//745 810//810 746//746
f 746//746 810//810 811//811
f 746//746 811//811 747//747
f 747//747 811//811 812//812
f 747//747 812//812 748//748
f 748//748 812//812 813//813
f 748//748 813//813 749//749
f 749//749 813//813 814//814
f 749//749 814//814 750//750
f 750//750 814//814 815//815
f 750//750 815//815 751//751
f 751//751 815//815 816//816
f 751//751 816//816 752//752
f 752//752 816//816 817//817
f 752//752 817//817 753//753
f 753//753 817//817 818//818
f 753//753 818//818 754//754
f 754//754 818//818 819//819
f 754//754 819//819 755//755
f 755//755 819//819 820//820
f 755//755 820//820 756//756
f 756//756 820//820 821//821
f 756//756 821//821 757//757
f 757//757 821//821 822//822
f 757//757 822//822 758//758
f 758//758 822//822 823//823
f 758//758 823//823 759//759
f 759//759 823//823 824//824
f 759//759 824//824 760//760
f 760//760 824//824 825//825
f 760//760 825//825 761//761
f 761//761 825//825 826//826
f 761//761 826//826 762//762
f 762//762 826//826 827//827
f 762//762 827//827 763//763
f 763//763 827//827 828//828
f 763//763 828//828 764//764
f 764//764 828//828 829//829
f 764//764 829//829 765//765
f 765//765 829//829 830//830
f 765//765 830//830 766//766
f 766//766 830//830 831//831
f 766//766 831//831 767//767
f 767//767 831//831 832//832
f 767//767 832//832 768//768
f 768//768 832//832 833//833
f 768//768 833//833 769//769
f 769//769 833//833 770//770
f 769//769 770//770 706//706
f 770//770 834//834 835//835
f 770//770 835//835 771//771
f 771//771 835//835 836//836
f 771//771 836//836 772//772
f 772//772 836//836 837//837
f 772//772 837//837 773//773
f 773//773 837//837 838//838
f 773//773 838//838 774//774
f 774//774 838//838 839//839
f 774//774 839//839 775//775
f 775//775 839//839 840//840
f 775//775 840//840 776//776
f 776//776 840//840 841//841
f 776//776 841//841 777//777
f 777//777 841//841 842//842
f 777//777 842//842 778//778
f 778//778 842//842 843//843
f 778//778 843//843 779//779
f 779//779 843//843 844//844
f 779//779 844//844 780//780
f 780//780 844//844 845//845
f 780//780 845//845 781//781
f 781//781 845//845 846//846
f 781//781 846//846 782//782
f 782//782 846//846 847//847
f 782//782 847//847 783//783
f 783//783 847//847 848//848
f 783//783 848//848 784//784
f 784//784 848//848 849//849
f 784//784 849//849 785//785
f 785//785 849//849 850//850
f 785//785 850//850 786//786
f 786//786 850//850 851//851
f 786//786 851//851 787//787
f 787//787 851//851 852//852
f 787//787 852//852 788//788
f 788//788 852//852 853//853
f 788//788 853//853 789//789
f 789//789 853//853 854//854
f 789//789 854//854 790//790
f 790//790 854//854 855//855
f 790//790 855//855 791//791
f 791//791 855//855 856//856
f 791//791 856//856 792//792
f 792//792 856//856 857//857
f 792//792 857//857 793//793
f 793//793 857//857 858//858
f 793//793 858//858 794//794
f 794//794 858//858 859//859
f 794//794 859//859 795//795
f 795//795 859//859 860//860
f 795//795 860//860 796//796
f 796//796 860//860 861//861
f 796//796 861//861 797//797
f 797//797 861//861 862//862
f 797//797 862//862 798//798
f 798//798 862//862 863//863
f 798//798 863//863 799//799
f 799//799 863//863 864//864
f 799//799 864//864 800//800
f 800//800 864//864 865//865
f 800//800 865//865 801//801
f 801//801 865//865 866//866
f 801//801 866//866 802//802
f 802//802 866//866 867//867
f 802//802 867//867 803//803
f 803//803 867//867 868//868
f 803//803 868//868 804//804
f 804//804 868//868 869//869
f 804//804 869//869 805//805
f 805//805 869//869 870//870
f 805//805 870//870 806//806
f 806//806 870//870 871//871
f 806//806 871//871 807//807
f 807//807 871//871 872//872
f 807//807 872//872 808//808
f 808//808 872//872 873//873
f 808//808 873//873 809//809
f 809//809 873//873 874//874
f 809//809 874//874 810//810
f 810//810 874//874 875//875
f 810//810 875//875 811//811
f 811//811 875//875 876//876
f 811//811 876//876 812//812
f 812//812 876//876 877//877
f 812//812 877//877 813//813
f 813//813 877//877 878//878
f 813//813 878//878 814//814
f 814//814 878//878 879//879
f 814//814 879//879 815//815
f 815//815 879//879 880//880
f 815//815 880//880 816//816
f 816//816 880//880 881//881
f 816//816 881//881 817//817
f 817//817 881//881 882//882
f 817//817 882//882 818//818
f 818//818 882//882 883//883
f 818//818 883//883 819//819
f 819//819 883//883 884//884
f 819//819 884//884 820//820
f 820//820 884//884 885//885
f 820//820 885//885 821//821
f 821//821 885//885 886//886
f 821//821 886//886 822//822
f 822//822 886//886 887//887
f 822//822 887//887 823//823
f 823//823 887//887 888//888
f 823//823 888//888 824//824
f 824//824 888//888 889//889
f 824//824 889//889 825//825
f 825//825 889//889 890//890
f 825//825 890//890 826//826
f 826//826 890//890 891//891
f 826//826 891//891 827//827
f 827//827 891//891 892//892
f 827//827 892//892 828//828
f 828//828 892//892 893//893
f 828//828 893//893 829//829
f 829//829 893//893 894//894
f 829//829 894//894 830//830
f 830//830 894//894 895//895
f 830//830 895//895 831//831
f 831//831 895//895 896//896
f 831//831 896//896 832//832
f 832//832 896//896 897//897
f 832//832 897//897 833//833
f 833//833 897//897 834//834
f 833//833 834//834 770//770
f 834//834 898//898 899//899
f 834//834 899//899 835//835
f 835//835 899//899 900//900
f 835//835 900//900 836//836
f 836//836 900//900 901//901
f 836//836 901//901 837//837
f 837//837 901//901 902//902
f 837//837 902//902 838//838
f 838//838 902//902 903//903
f 838//838 903//903 839//839
f 839//839 903//903 904//904
f 839//839 904//904 840//840
f 840//840 904//904 905//905
f 840//840 905//905 841//841
f 841//841 905//905 906//906
f 841//841 906//906 842//842
f 842//842 906//906 907//907
f 842//842 907//907 843//843
f 843//843 907//907 908//908
f 843//843 908//908 844//844
f 844//844 908//908 909//909
f 844//844 909//909 845//845
f 845//845 909//909 910//910
f 845//845 910//910 846//846
f 846//846 910//910 911//911
f 846//846 911//911 847//847
f 847//847 911//911 912//912
f 847//847 912//912 848//848
f 848//848 912//912 913//913
f 848//848 913//913 849//849
f 849//849 913//913 914//914
f 849//849 914//914 850//850
f 850//850 914//914 915//915
f 850//850 915//915 851//851
f 851//851 915//915 916//916
f 851//851 916//916 852//852
f 852//852 916//916 917//917
f 852//852 917//917 853//853
f 853//853 917//917 918//918
f 853//853 918//918 854//854
f 854//854 918//918 919//919
f 854//854 919//919 855//855
f 855//855 919//919 920//920
f 855//855 920//920 856//856
f 856//856 920//920 921//921
f 856//856 921//921 857//857
f 857//857 921//921 922//922
f 857//857 922//922 858//858
f 858//858 922//922 923//923
f 858//858 923//923 859//859
f 859//859 923//923 924//924
f 859//859 924//924 860//860
f 860//860 924//924 925//925
f 860//860 925//925 861//861
f 861//861 925//925 926//926
f 861//861 926//926 862//862
f 862//862 926//926 927//927
f 862//862 927//927 863//863
f 863//863 927//927 928//928
f 863//863 928//928 864//864
f 864//864 928//928 929//929
f 864//864 929//929 865//865
f 865//865 929//929 930//930
f 865//865 930//930 866//866
f 866//866 930//930 931//931
f 866//866 931//931 867//867
f 867//867 931//931 932//932
f 867//867 932//932 868//868
f 868//868 932//932 933//933
f 868//868 933//933 869//869
f 869//869 933//933 934//934
f 869//869 934//934 870//870
f 870//870 934//934 935//935
f 870//870 935//935 871//871
f 871//871 935//935 936//936
f 871//871 936//936 872//872
f 872//872 936//936 937//937
f 872//872 937//937 873//873
f 873//873 937//937 938//938
f 873//873 938//938 874//874
f 874//874 938//938 939//939
f 874//874 939//939 875//875
f 875//875 939//939 940//940
f 875//875 940//940 876//876
f 876//876 940//940 941//941
f 876//876 941//941 877//877
f 877//877 941//941 942//942
f 877//877 942//942 878//878
f 878//878 942//942 943//943
f 878//878 943//943 879//879
f 879//879 943//943 944//944
f 879//879 944//944 880//880
f 880//880 944//944 945//945
f 880//880 945//945 881//881
f 881//881 945//945 946//946
f 881//881 946//946 882//882
f 882//882 946//946 947//947
f 882//882 947//947 883//883
f 883//883 947//947 948//948
f 883//883 948//948 884//884
f 884//884 948//948 949//949
f 884//884 949//949 885//885
f 885//885 949//949 950//950
f 885//885 950//950 886//886
f 886//886 950//950 951//951
f 886//886 951//951 887//887
f 887//887 951//951 952//952
f 887//887 952//952 888//888
f 888//888 952//952 953//953
f 888//888 953//953 889//889
f 889//889 953//953 954//954
f 889//889 954//954 890//890
f 890//890 954//954 955//955
f 890//890 955//955 891//891
f 891//891 955//955 956//956
f 891//891 956//956 892//892
f 892//892 956//956 957//957
f 892//892 957//957 893//893
f 893//893 957//957 958//958
f 893//893 958//958 894//894
f 894//894 958//958 959//959
f 894//894 959//959 895//895
f 895//895 959//959 960//960
f 895//895 960//960 896//896
f 896//896 960//960 961//961
f 896//896 961//961 897//897
f 897//897 961//961 898//898
f 897//897 898//898 834//834
f 898//898 962//962 963//963
f 898//898 963//963 899//899
f 899//899 963//963 964//964
f 899//899 964//964 900//900
f 900//900 964//964 965//965
f 900//900 965//965 901//901
f 901//901 965//965 966//966
f 901//901 966//966 902//902
f 902//902 966//966 967//967
f 902//902 967//967 903//903
f 903//903 967//967 968//968
f 903//903 968//968 904//904
f 904//904 968//968 969//969
f 904//904 969//969 905//905
f 905//905 969//969 970//970
f 905//905 970//970 906//906
f 906//906 970//970 971//971
f 906//906 971//971 907//907
f 907//907 971//971 972//972
f 907//907 972//972 908//908
f 908//908 972//972 973//973
f 908//908 973//973 909//909
f 909//909 973//973 974//974
f 909//909 974//974 910//910
f 910//910 974//974 975//975
f 910//910 975//975 911//911
f 911//911 975//975 976//976
f 911//911 976//976 912//912
f 912//912 976//976 977//977
f 912//912 977//977 913//913
f 913//913 977//977 978//978
f 913//913 978//978 914//914
f 914//914 978//978 979//979
f 914//914 979//979 915//915
f 915//915 979//979 980//980
f 915//915 980//980 916//916
f 916//916 980//980 981//981
f 916//916 981//981 917//917
f 917//917 981//981 982//982
f 917//917 982//982 918//918
f 918//918 982//982 983//983
f 918//918 983//983 919//919
f 919//919 983//983 984//984
f 919//919 984//984 920//920
f 920//920 984//984 985//985
f 920//920 985//985 921//921
f 921//921 985//985 986//986
f 921//921 986//986 922//922
f 922//922 986//986 987//987
f 922//922 987//987 923//923
f 923//923 987//987 988//988
f 923//923 988//988 924//924
f 924//924 988//988 989//989
f 924//924 989//989 925//925
f 925//925 989//989 990//990
f 925//925 990//990 926//926
f 926//926 990//990 991//991
f 926//926 991//991 927//927
f 927//927 991//991 992//992
f 927//927 992//992 928//928
f 928//928 992//992 993//993
f 928//928 993//993 929//929
f 929//929 993//993 994//994
f 929//929 994//994 930//930
f 930//930 994//994 995//995
f 930//930 995//995 931//931
f 931//931 995//995 996//996
f 931//931 996//996 932//932
f 932//932 996//996 997//997
f 932//932 997//997 933//933
f 933//933 997//997 998//998
f 933//933 998//998 934//934
f 934//934 998//998 999//999
f 934//934 999//999 935//935
f 935//935 999//999 1000//1000
f 935//935 1000//1000 936//936
f 936//936 1000//1000 1001//1001
f 936//936 1001//1001 937//937
f 937//937 1001//1001 1002//1002
f 937//937 1002//1002 938//938
f 938//938 1002//1002 1003//1003
f 938//938 1003//1003 939//939
f 939//939 1003//1003 1004//1004
f 939//939 1004//1004 940//940
f 940//940 1004//1004 1005//1005
f 940//940 1005//1005 941//941
f 941//941 1005//1005 1006//1006
f 941//941 1006//1006 942//942
f 942//942 1006//1006 1007//1007
f 942//942 1007//1007 943//943
f 943//943 1007//1007 1008//1008
f 943//943 1008//1008 944//944
f 944//944 1008//1008 1009//1009
f 944//944 1009//1009 945//945
f 945//945 1009//1009 1010//1010
f 945//945 1010//1010 946//946
f 946//946 1010//1010 1011//1011
f 946//946 1011//1011 947//947
f 947//947 1011//1011 1012//1012
f 947//947 1012//1012 948//948
f 948//948 1012//1012 1013//1013
f 948//948 1013//1013 949//949
f 949//949 1013//1013 1014//1014
f 949//949 1014//1014 950//950
f 950//950 1014//1014 1015//1015
f 950//950 1015//1015 951//951
f 951//951 1015//1015 1016//1016
f 951//951 1016//1016 952//952
f 952//952 1016//1016 1017//1017
f 952//952 1017//1017 953//953
f 953//953 1017//1017 1018//1018
f 953//953 1018//1018 954//954
f 954//954 1018//1018 1019//1019
f 954//954 1019//1019 955//955
f 955//955 1019//1019 1020//1020
f 955//955 1020//1020 956//956
f 956//956 1020//1020 1021//1021
f 956//956 1021//1021 957//957
f 957//957 1021//1021 1022//1022
f 957//957 1022//1022 958//958
f 958//958 1022//1022 1023//1023
f 958//958 1023//1023 959//959
f 959//959 1023//1023 1024//1024
f 959//959 1024//1024 960//960
f 960//960 1024//1024 1025//1025
f 960//960 1025//1025 961//961
f 961//961 1025//1025 962//962
f 961//961 962//962 898//898
f 962//962 1026//1026 1027//1027
f 962//962 1027//1027 963//963
f 963//963 1027//1027 1028//1028
f 963//963 1028//1028 964//964
f 964//964 1028//1028 1029//1029
f 964//964 1029//1029 965//965
f 965//965 1029//1029 1030//1030
f 965//965 1030//1030 966//966
f 966//966 1030//1030 1031//1031
f 966//966 1031//1031 967//967
f 967//967 1031//1031 1032//1032
f 967//967 1032//1032 968//968
f 968//968 1032//1032 1033//1033
f 968//968 1033//1033 969//969
f 969//969 1033//1033 1034//1034
f 969//969 1034//1034 970//970
f 970//970 1034//1034 1035//1035
f 970//970 1035//1035 971//971
f 971//971 1035//1035 1036//1036
f 971//971 1036//1036 972//972
f 972//972 1036//1036 1037//1037
f 972//972 1037//1037 973//973
f 973//973 1037//1037 1038//1038
f 973//973 1038//1038 974//974
f 974//974 1038//1038 1039//1039
f 974//974 1039//1039 975//975
f 975//975 1039//1039 1040//1040
f 975//975 1040//1040 976//976
f 976//976 1040//1040 1041//1041
f 976//976 1041//1041 977//977
f 977//977 1041//1041 1042//1042
f 977//977 1042//1042 978//978
f 978//978 1042//1042 1043//1043
f 978//978 1043//1043 979//979
f 979//979 1043//1043 1044//1044
f 979//979 1044//1044 980//980
f 980//980 1044//1044 1045//1045
f 980//980 1045//1045 981//981
f 981//981 1045//1045 1046//1046
f 981//981 1046//1046 982//982
f 982//982 1046//1046 1047//1047
f 982//982 1047//1047 983//983
f 983//983 1047//1047 1048//1048
f 983//983 1048//1048 984//984
f 984//984 1048//1048 1049//1049
f 984//984 1049//1049 985//985
f 985//985 1049//1049 1050//1050
f 985//985 1050//1050 986//986
f 986//986 1050//1050 1051//1051
f 986//986 1051//1051 987//987
f 987//987 1051//1051 1052//1052
f 987//987 1052//1052 988//988
f 988//988 1052//1052 1053//1053
f 988//988 1053//1053 989//989
f 989//989 1053//1053 1054//1054
f 989//989 1054//1054 990//990
f 990//990 1054//1054 1055//1055
f 990//990 1055//1055 991//991
f 991//991 1055//1055 1056//1056
f 991//991 1056//1056 992//992
f 992//992 1056//1056 1057//1057
f 992//992 1057//1057 993//993
f 993//993 1057//1057 1058//1058
f 993//993 1058//1058 994//994
f 994//994 1058//1058 1059//1059
f 994//994 1059//1059 995//995
f 995//995 1059//1059 1060//1060
f 995//995 1060//1060 996//996
f 996//996 1060//1060 1061//1061
f 996//996 1061//1061 997//997
f 997//997 1061//1061 1062//1062
f 997//997 1062//1062 998//998
f 998//998 1062//1062 1063//1063
f 998//998 1063//1063 999//999
f 999//999 1063//1063 1064//1064
f 999//999 1064//1064 1000//1000
f 1000//1000 1064//1064 1065//1065
f 1000//1000 1065//1065 1001//1001
f 1001//1001 1065//1065 1066//1066
f 1001//1001 1066//1066 1002//1002
f 1002//1002 1066//1066 1067//1067
f 1002//1002 1067//1067 1003//1003
f 1003//1003 1067//1067 1068//1068
f 1003//1003 1068//1068 1004//1004
f 1004//1004 1068//1068 1069//1069
f 1004//1004 1069//1069 1005//1005
f 1005//1005 1069//1069 1070//1070
f 1005//1005 1070//1070 1006//1006
f 1006//1006 1070//1070 1071//1071
f 1006//1006 1071//1071 1007//1007
f 1007//1007 1071//1071 1072//1072
f 1007//1007 1072//1072 1008//1008
f 1008//1008 1072//1072 1073//1073
f 1008//1008 1073//1073 1009//1009
f 1009//1009 1073//1073 1074//1074
f 1009//1009 1074//1074 1010//1010
f 1010//1010 1074//1074 1075//1075
f 1010//1010 1075//1075 1011//1011
f 1011//1011 1075//1075 1076//1076
f 1011//1011 1076//1076 1012//1012
f 1012//1012 1076//1076 1077//1077
f 1012//1012 1077//1077 1013//1013
f 1013//1013 1077//1077 1078//1078
f 1013//1013 1078//1078 1014//1014
f 1014//1014 1078//1078 1079//1079
f 1014//1014 1079//1079 1015//1015
f 1015//1015 1079//1079 1080//1080
f 1015//1015 1080//1080 1016//1016
f 1016//1016 1080//1080 1081//1081
f 1016//1016 1081//1081 1017//1017
f 1017//1017 1081//1081 1082//1082
f 1017//1017 1082//1082 1018//1018
f 1018//1018 1082//1082 1083//1083
f 1018//1018 1083//1083 1019//1019
f 1019//1019 1083//1083 1084//1084
f 1019//1019 1084//1084 1020//1020
f 1020//1020 1084//1084 1085//1085
f 1020//1020 1085//1085 1021//1021
f 1021//1021 1085//1085 1086//1086
f 1021//1021 1086//1086 1022//1022
f 1022//1022 1086//1086 1087//1087
f 1022//1022 1087//1087 1023//1023
f 1023//1023 1087//1087 1088//1088
f 1023//1023 1088//1088 1024//1024
f 1024//1024 1088//1088 1089//1089
f 1024//1024 1089//1089 1025//1025
f 1025//1025 1089//1089 1026//1026
f 1025//1025 1026//1026 962//962
f 1026//1026 1090//1090 1091//1091
f 1026//1026 1091//1091 1027//1027
f 1027//1027 1091//1091 1092//1092
f 1027//1027 1092//1092 1028//1028
f 1028//1028 1092//1092 1093//1093
f 1028//1028 1093//1093 1029//1029
f 1029//1029 1093//1093 1094//1094
f 1029//1029 1094//1094 1030//1030
f 1030//1030 1094//1094 1095//1095
f 1030//1030 1095//1095 1031//1031
f 1031//1031 1095//1095 1096//1096
f 1031//1031 1096//1096 1032//1032
f 1032//1032 1096//1096 1097//1097
f 1032//1032 1097//1097 1033//1033
f 1033//1033 1097//1097 1098//1098
f 1033//1033 1098//1098 1034//1034
f 1034//1034 1098//1098 1099//1099
f 1034//1034 1099//1099 1035//1035
f 1035//1035 1099//1099 1100//1100
f 1035//1035 1100//1100 1036//1036
f 1036//1036 1100//1100 1101//1101
f 1036//1036 1101//1101 1037//1037
f 1037//1037 1101//1101 1102//1102
f 1037//1037 1102//1102 1038//1038
f 1038//1038 1102//1102 1103//1103
f 1038//1038 1103//1103 1039//1039
f 1039//1039 1103//1103 1104//1104
f 1039//1039 1104//1104 1040//1040
f 1040//1040 1104//1104 1105//1105
f 1040//1040 1105//1105 1041//1041
f 1041//1041 1105//1105 1106//1106
f 1041//1041 1106//1106 1042//1042
f 1042//1042 1106//1106 1107//1107
f 1042//1042 1107//1107 1043//1043
f 1043//1043 1107//1107 1108//1108
f 1043//1043 1108//1108 1044//1044
f 1044//1044 1108//1108 1109//1109
f 1044//1044 1109//1109 1045//1045
f 1045//1045 1109//1109 1110//1110
f 1045//1045 1110//1110 1046//1046
f 1046//1046 1110//1110 1111//1111
f 1046//1046 1111//1111 1047//1047
f 1047//1047 1111//1111 1112//1112
f 1047//1047 1112//1112 1048//1048
f 1048//1048 1112//1112 1113//1113
f 1048//1048 1113//1113 1049//1049
f 1049//1049 1113//1113 1114//1114
f 1049//1049 1114//1114 1050//1050
f 1050//1050 1114//1114 1115//1115
f 1050//1050 1115//1115 1051//1051
f 1051//1051 1115//1115 1116//1116
f 1051//1051 1116//1116 1052//1052
f 1052//1052 1116//1116 1117//1117
f 1052//1052 1117//1117 1053//1053
f 1053//1053 1117//1117 1118//1118
f 1053//1053 1118//1118 1054//1054
f 1054//1054 1118//1118 1119//1119
f 1054//1054 1119//1119 1055//1055
f 1055//1055 1119//1119 1120//1120
f 1055//1055 1120//1120 1056//1056
f 1056//1056 1120//1120 1121//1121
f 1056//1056 1121//1121 1057//1057
f 1057//1057 1121//1121 1122//1122
f 1057//1057 1122//1122 1058//1058
f 1058//1058 1122//1122 1123//1123
f 1058//1058 1123//1123 1059//1059
f 1059//1059 1123//1123 1124//1124
f 1059//1059 1124//1124 1060//1060
f 1060//1060 1124//1124 1125//1125
f 1060//1060 1125//1125 1061//1061
f 1061//1061 1125//1125 1126//1126
f 1061//1061 1126//1126 1062//1062
f 1062//1062 1126//1126 1127//1127
f 1062//1062 1127//1127 1063//1063
f 1063//1063 1127//1127 1128//1128
f 1063//1063 1128//1128 1064//1064
f 1064//1064 1128//1128 1129//1129
f 1064//1064 1129//1129 1065//1065
f 1065//1065 1129//1129 1130//1130
f 1065//1065 1130//1130 1066//1066
f 1066//1066 1130//1130 1131//1131
f 1066//1066 1131//1131 1067//1067
f 1067//1067 1131//1131 1132//1132
f 1067//1067 1132//1132 1068//1068
f 1068//1068 1132//1132 1133//1133
f 1068//1068 1133//1133 1069//1069
f 1069//1069 1133//1133 1134//1134
f 1069//1069 1134//1134 1070//1070
f 1070//1070 1134//1134 1135//1135
f 1070//1070 1135//1135 1071//1071
f 1071//1071 1135//1135 1136//1136
f 1071//1071 1136//1136 1072//1072
f 1072//1072 1136//1136 1137//1137
f 1072//1072 1137//1137 1073//1073
f 1073//1073 1137//1137 1138//1138
f 1073//1073 1138//1138 1074//1074
f 1074//1074 1138//1138 1139//1139
f 1074//1074 1139//1139 1075//1075
f 1075//1075 1139//1139 1140//1140
f 1075//1075 1140//1140 1076//1076
f 1076//1076 1140//1140 1141//1141
f 1076//1076 1141//1141 1077//1077
f 1077//1077 1141//1141 1142//1142
f 1077//1077 1142//1142 1078//1078
f 1078//1078 1142//1142 1143//1143
f 1078//1078 1143//1143 1079//1079
f 1079//1079 1143//1143 1144//1144
f 1079//1079 1144//1144 1080//1080
f 1080//1080 1144//1144 1145//1145
f 1080//1080 1145//1145 1081//1081
f 1081//1081 1145//1145 1146//1146
f 1081//1081 1146//1146 1082//1082
f 1082//1082 1146//1146 1147//1147
f 1082//1082 1147//1147 1083//1083
f 1083//1083 1147//1147 1148//1148
f 1083//1083 1148//1148 1084//1084
f 1084//1084 1148//1148 1149//1149
f 1084//1084 1149//1149 1085//1085
f 1085//1085 1149//1149 1150//1150
f 1085//1085 1150//1150 1086//1086
f 1086//1086 1150//1150 1151//1151
f 1086//1086 1151//1151 1087//1087
f 1087//1087 1151//1151 1152//1152
f 1087//1087 1152//1152 1088//1088
f 1088//1088 1152//1152 1153//1153
f 1088//1088 1153//1153 1089//1089
f 1089//1089 1153//1153 1090//1090
f 1089//1089 1090//1090 1026//1026
f 1090//1090 1154//1154 1155//1155
f 1090//1090 1155//1155 1091//1091
f 1091//1091 1155//1155 1156//1156
f 1091//1091 1156//1156 1092//1092
f 1092//1092 1156//1156 1157//1157
f 1092//1092 1157//1157 1093//1093
f 1093//1093 1157//1157 1158//1158
f 1093//1093 1158//1158 1094//1094
f 1094//1094 1158//1158 1159//1159
f 1094//1094 1159//1159 1095//1095
f 1095//1095 1159//1159 1160//1160
f 1095//1095 1160//1160 1096//1096
f 1096//1096 1160//1160 1161//1161
f 1096//1096 1161//1161 1097//1097
f 1097//1097 1161//1161 1162//1162
f 1097//1097 1162//1162 1098//1098
f 1098//1098 1162//1162 1163//1163
f 1098//1098 1163//1163 1099//1099
f 1099//1099 1163//1163 1164//1164
f 1099//1099 1164//1164 1100//1100
f 1100//1100 1164//1164 1165//1165
f 1100//1100 1165//1165 1101//1101
f 1101//1101 1165//1165 1166//1166
f 1101//1101 1166//1166 1102//1102
f 1102//1102 1166//1166 1167//1167
f 1102//1102 1167//1167 1103//1103
f 1103//1103 1167//1167 1168//1168
f 1103//1103 1168//1168 1104//1104
f 1104//1104 1168//1168 1169//1169
f 1104//1104 1169//1169 1105//1105
f 1105//1105 1169//1169 1170//1170
f 1105//1105 1170//1170 1106//1106
f 1106//1106 1170//1170 1171//1171
f 1106//1106 1171//1171 1107//1107
f 1107//1107 1171//1171 1172//1172
f 1107//1107 1172//1172 1108//1108
f 1108//1108 1172//1172 1173//1173
f 1108//1108 1173//1173 1109//1109
f 1109//1109 1173//1173 1174//1174
f 1109//1109 1174//1174 1110//1110
f 1110//1110 1174//1174 1175//1175
f 1110//1110 1175//1175 1111//1111
f 1111//1111 1175//1175 1176//1176
f 1111//1111 1176//1176 1112//1112
f 1112//1112 1176//1176 1177//1177
f 1112//1112 1177//1177 1113//1113
f 1113//1113 1177//1177 1178//1178
f 1113//1113 1178//1178 1114//1114
f 1114//1114 1178//1178 1179//1179
f 1114//1114 1179//1179 1115//1115
f 1115//1115 1179//1179 1180//1180
f 1115//1115 1180//1180 1116//1116
f 1116//1116 1180//1180 1181//1181
f 1116//1116 1181//1181 1117//1117
f 1117//1117 1181//1181 1182//1182
f 1117//1117 1182//1182 1118//1118
f 1118//1118 1182//1182 1183//1183
f 1118//1118 1183//1183 1119//1119
f 1119//1119 1183//1183 1184//1184
f 1119//1119 1184//1184 1120//1120
f 1120//1120 1184//1184 1185//1185
f 1120//1120 1185//1185 1121//1121
f 1121//1121 1185//1185 1186//1186
f 1121//1121 1186//1186 1122//1122
f 1122//1122 1186//1186 1187//1187
f 1122//1122 1187//1187 1123//1123
f 1123//1123 1187//1187 1188//1188
f 1123//1123 1188//1188 1124//1124
f 1124//1124 1188//1188 1189//1189
f 1124//1124 1189//1189 1125//1125
f 1125//1125 1189//1189 1190//1190
f 1125//1125 1190//1190 1126//1126
f 1126//1126 1190//1190 1191//1191
f 1126//1126 1191//1191 1127//1127
f 1127//1127 1191//1191 1192//1192
f 1127//1127 1192//1192 1128//1128
f 1128//1128 1192//1192 1193//1193
f 1128//1128 1193//1193 1129//1129
f 1129//1129 1193//1193 1194//1194
f 1129//1129 1194//1194 1130//1130
f 1130//1130 1194//1194 1195//1195
f 1130//1130 1195//1195 1131//1131
f 1131//1131 1195//1195 1196//1196
f 1131//1131 1196//1196 1132//1132
f 1132//1132 1196//1196 1197//1197
f 1132//1132 1197//1197 1133//1133
f 1133//1133 1197//1197 1198//1198
f 1133//1133 1198//1198 1134//1134
f 1134//1134 1198//1198 1199//1199
f 1134//1134 1199//1199 1135//1135
f 1135//1135 1199//1199 1200//1200
f 1135//1135 1200//1200 1136//1136
f 1136//1136 1200//1200 1201//1201
f 1136//1136 1201//1201 1137//1137
f 1137//1137 1201//1201 1202//1202
f 1137//1137 1202//1202 1138//1138
f 1138//1138 1202//1202 1203//1203
f 1138//1138 1203//1203 1139//1139
f 1139//1139 1203//1203 1204//1204
f 1139//1139 1204//1204 1140//1140
f 1140//1140 1204//1204 1205//1205
f 1140//1140 1205//1205 1141//1141
f 1141//1141 1205//1205 1206//1206
f 1141//1141 1206//1206 1142//1142
f 1142//1142 1206//1206 1207//1207
f 1142//1142 1207//1207 1143//1143
f 1143//1143 1207//1207 1208//1208
f 1143//1143 1208//1208 1144//1144
f 1144//1144 1208//1208 1209//1209
f 1144//1144 1209//1209 1145//1145
f 1145//1145 1209//1209 1210//1210
f 1145//1145 1210//1210 1146//1146
f 1146//1146 1210//1210 1211//1211
f 1146//1146 1211//1211 1147//1147
f 1147//1147 1211//1211 1212//1212
f 1147//1147 1212//1212 1148//1148
f 1148//1148 1212//1212 1213//1213
f 1148//1148 1213//1213 1149//1149
f 1149//1149 1213//1213 1214//1214
f 1149//1149 1214//1214 1150//1150
f 1150//1150 1214//1214 1215//1215
f 1150//1150 1215//1215 1151//1151
f 1151//1151 1215//1215 1216//1216
f 1151//1151 1216//1216 1152//1152
f 1152//1152 1216//1216 1217//1217
f 1152//1152 1217//1217 1153//1153
f 1153//1153 1217//1217 1154//1154
f 1153//1153 1154//1154 1090//1090
f 1154//1154 1218//1218 1219//1219
f 1154//1154 1219//1219 1155//1155
f 1155//1155 1219//1219 1220//1220
f 1155//1155 1220//1220 1156//1156
f 1156//1156 1220//1220 1221//1221
f 1156//1156 1221//1221 1157//1157
f 1157//1157 1221//1221 1222//1222
f 1157//1157 1222//1222 1158//1158
f 1158//1158 1222//1222 1223//1223
f 1158//1158 1223//1223 1159//1159
f 1159//1159 1223//1223 1224//1224
f 1159//1159 1224//1224 1160//1160
f 1160//1160 1224//1224 1225//1225
f 1160//1160 1225//1225 1161//1161
f 1161//1161 1225//1225 1226//1226
f 1161//1161 1226//1226 1162//1162
f 1162//1162 1226//1226 1227//1227
f 1162//1162 1227//1227 1163//1163
f 1163//1163 1227//1227 1228//1228
f 1163//1163 1228//1228 1164//1164
f 1164//1164 1228//1228 1229//1229
f 1164//1164 1229//1229 1165//1165
f 1165//1165 1229//1229 1230//1230
f 1165//1165 1230//1230 1166//1166
f 1166//1166 1230//1230 1231//1231
f 1166//1166 1231//1231 1167//1167
f 1167//1167 1231//1231 1232//1232
f 1167//1167 1232//1232 1168//1168
f 1168//1168 1232//1232 1233//1233
f 1168//1168 1233//1233 1169//1169
f 1169//1169 1233//1233 1234//1234
f 1169//1169 1234//1234 1170//1170
f 1170//1170 1234//1234 1235//1235
f 1170//1170 1235//1235 1171//1171
f 1171//1171 1235//1235 1236//1236
f 1171//1171 1236//1236 1172//1172
f 1172//1172 1236//1236 1237//1237
f 1172//1172 1237//1237 1173//1173
f 1173//1173 1237//1237 1238//1238
f 1173//1173 1238//1238 1174//1174
f 1174//1174 1238//1238 1239//1239
f 1174//1174 1239//1239 1175//1175
f 1175//1175 1239//1239 1240//1240
f 1175//1175 1240//1240 1176//1176
f 1176//1176 1240//1240 1241//1241
f 1176//1176 1241//1241 1177//1177
f 1177//1177 1241//1241 1242//1242
f 1177//1177 1242//1242 1178//1178
f 1178//1178 1242//1242 1243//1243
f 1178//1178 1243//1243 1179//1179
f 1179//1179 1243//1243 1244//1244
f 1179//1179 1244//1244 1180//1180
f 1180//1180 1244//1244 1245//1245
f 1180//1180 1245//1245 1181//1181
f 1181//1181 1245//1245 1246//1246
f 1181//1181 1246//1246 1182//1182
f 1182//1182 1246//1246 1247//1247
f 1182//1182 1247//1247 1183//1183
f 1183//1183 1247//1247 1248//1248
f 1183//1183 1248//1248 1184//1184
f 1184//1184 1248//1248 1249//1249
f 1184//1184 1249//1249 1185//1185
f 1185//1185 1249//1249 1250//1250
f 1185//1185 1250//1250 1186//1186
f 1186//1186 1250//1250 1251//1251
f 1186//1186 1251//1251 1187//1187
f 1187//1187 1251//1251 1252//1252
f 1187//1187 1252//1252 1188//1188
f 1188//1188 1252//1252 1253//1253
f 1188//1188 1253//1253 1189//1189
f 1189//1189 1253//1253 1254//1254
f 1189//1189 1254//1254 1190//1190
f 1190//1190 1254//1254 1255//1255
f 1190//1190 1255//1255 1191//1191
f 1191//1191 1255//1255 1256//1256
f 1191//1191 1256//1256 1192//1192
f 1192//1192 1256//1256 1257//1257
f 1192//1192 1257//1257 1193//1193
f 1193//1193 1257//1257 1258//1258
f 1193//1193 1258//1258 1194//1194
f 1194//1194 1258//1258 1259//1259
f 1194//1194 1259//1259 1195//1195
f 1195//1195 1259//1259 1260//1260
f 1195//1195 1260//1260 1196//1196
f 1196//1196 1260//1260 1261//1261
f 1196//1196 1261//1261 1197//1197
f 1197//1197 1261//1261 1262//1262
f 1197//1197 1262//1262 1198//1198
f 1198//1198 1262//1262 1263//1263
f 1198//1198 1263//1263 1199//1199
f 1199//1199 1263//1263 1264//1264
f 1199//1199 1264//1264 1200//1200
f 1200//1200 1264//1264 1265//1265
f 1200//1200 1265//1265 1201//1201
f 1201//1201 1265//1265 1266//1266
f 1201//1201 1266//1266 1202//1202
f 1202//1202 1266//1266 1267//1267
f 1202//1202 1267//1267 1203//1203
f 1203//1203 1267//1267 1268//1268
f 1203//1203 1268//1268 1204//1204
f 1204//1204 1268//1268 1269//1269
f 1204//1204 1269//1269 1205//1205
f 1205//1205 1269//1269 1270//1270
f 1205//1205 1270//1270 1206//1206
f 1206//1206 1270//1270 1271//1271
f 1206//1206 1271//1271 1207//1207
f 1207//1207 1271//1271 1272//1272
f 1207//1207 1272//1272 1208//1208
f 1208//1208 1272//1272 1273//1273
f 1208//1208 1273//1273 1209//1209
f 1209//1209 1273//1273 1274//1274
f 1209//1209 1274//1274 1210//1210
f 1210//1210 1274//1274 1275//1275
f 1210//1210 1275//1275 1211//1211
f 1211//1211 1275//1275 1276//1276
f 1211//1211 1276//1276 1212//1212
f 1212//1212 1276//1276 1277//1277
f 1212//1212 1277//1277 1213//1213
f 1213//1213 1277//1277 1278//1278
f 1213//1213 1278//1278 1214//1214
f 1214//1214 1278//1278 1279//1279
f 1214//1214 1279//1279 1215//1215
f 1215//1215 1279//1279 1280//1280
f 1215//1215 1280//1280 1216//1216
f 1216//1216 1280//1280 1281//1281
f 1216//1216 1281//1281 1217//1217
f 1217//1217 1281//1281 1218//1218
f 1217//1217 1218//1218 1154//1154
f 1218//1218 1282//1282 1283//1283
f 1218//1218 1283//1283 1219//1219
f 1219//1219 1283//1283 1284//1284
f 1219//1219 1284//1284 1220//1220
f 1220//1220 1284//1284 1285//1285
f 1220//1220 1285//1285 1221//1221
f 1221//1221 1285//1285 1286//1286
f 1221//1221 1286//1286 1222//1222
f 1222//1222 1286//1286 1287//1287
f 1222//1222 1287//1287 1223//1223
f 1223//1223 1287//1287 1288//1288
f 1223//1223 1288//1288 1224//1224
f 1224//1224 1288//1288 1289//1289
f 1224//1224 1289//1289 1225//1225
f 1225//1225 1289//1289 1290//1290
f 1225//1225 1290//1290 1226//1226
f 1226//1226 1290//1290 1291//1291
f 1226//1226 1291//1291 1227//1227
f 1227//1227 1291//1291 1292//1292
f 1227//1227 1292//1292 1228//1228
f 1228//1228 1292//1292 1293//1293
f 1228//1228 1293//1293 1229//1229
f 1229//1229 1293//1293 1294//1294
f 1229//1229 1294//1294 1230//1230
f 1230//1230 1294//1294 1295//1295
f 1230//1230 1295//1295 1231//1231
f 1231//1231 1295//1295 1296//1296
f 1231//1231 1296//1296 1232//1232
f 1232//1232 1296//1296 1297//1297
f 1232//1232 1297//1297 1233//1233
f 1233//1233 1297//1297 1298//1298
f 1233//1233 1298//1298 1234//1234
f 1234//1234 1298//1298 1299//1299
f 1234//1234 1299//1299 1235//1235
f 1235//1235 1299//1299 1300//1300
f 1235//1235 1300//1300 1236//1236
f 1236//1236 1300//1300 1301//1301
f 1236//1236 1301//1301 1237//1237
f 1237//1237 1301//1301 1302//1302
f 1237//1237 1302//1302 1238//1238
f 1238//1238 1302//1302 1303//1303
f 1238//1238 1303//1303 1239//1239
f 1239//1239 1303//1303 1304//1304
f 1239//1239 1304//1304 1240//1240
f 1240//1240 1304//1304 1305//1305
f 1240//1240 1305//1305 1241//1241
f 1241//1241 1305//1305 1306//1306
f 1241//1241 1306//1306 1242//1242
f 1242//1242 1306//1306 1307//1307
f 1242//1242 1307//1307 1243//1243
f 1243//1243 1307//1307 1308//1308
f 1243//1243 1308//1308 1244//1244
f 1244//1244 1308//1308 1309//1309
f 1244//1244 1309//1309 1245//1245
f 1245//1245 1309//1309 1310//1310
f 1245//1245 1310//1310 1246//1246
f 1246//1246 1310//1310 1311//1311
f 1246//1246 1311//1311 1247//1247
f 1247//1247 1311//1311 1312//1312
f 1247//1247 1312//1312 1248//1248
f 1248//1248 1312//1312 1313//1313
f 1248//1248 1313//1313 1249//1249
f 1249//1249 1313//1313 1314//1314
f 1249//1249 1314//1314 1250//1250
f 1250//1250 1314//1314 1315//1315
f 1250//1250 1315//1315 1251//1251
f 1251//1251 1315//1315 1316//1316
f 1251//1251 1316//1316 1252//1252
f 1252//1252 1316//1316 1317//1317
f 1252//1252 1317//1317 1253//1253
f 1253//1253 1317//1317 1318//1318
f 1253//1253 1318//1318 1254//1254
f 1254//1254 1318//1318 1319//1319
f 1254//1254 1319//1319 1255//1255
f 1255//1255 1319//1319 1320//1320
f 1255//1255 1320//1320 1256//1256
f 1256//1256 1320//1320 1321//1321
f 1256//1256 1321//1321 1257//1257
f 1257//1257 1321//1321 1322//1322
f 1257//1257 1322//1322 1258//1258
f 1258//1258 1322//1322 1323//1323
f 1258//1258 1323//1323 1259//1259
f 1259//1259 1323//1323 1324//1324
f 1259//1259 1324//1324 1260//1260
f 1260//1260 1324//1324 1325//1325
f 1260//1260 1325//1325 1261//1261
f 1261//1261 1325//1325 1326//1326
f 1261//1261 1326//1326 1262//1262
f 1262//1262 1326//1326 1327//1327
f 1262//1262 1327//1327 1263//1263
f 1263//1263 1327//1327 1328//1328
f 1263//1263 1328//1328 1264//1264
f 1264//1264 1328//1328 1329//1329
f 1264//1264 1329//1329 1265//1265
f 1265//1265 1329//1329 1330//1330
f 1265//1265 1330//1330 1266//1266
f 1266//1266 1330//1330 1331//1331
f 1266//1266 1331//1331 1267//1267
f 1267//1267 1331//1331 1332//1332
f 1267//1267 1332//1332 1268//1268
f 1268//1268 1332//1332 1333//1333
f 1268//1268 1333//1333 1269//1269
f 1269//1269 1333//1333 1334//1334
f 1269//1269 1334//1334 1270//1270
f 1270//1270 1334//1334 1335//1335
f 1270//1270 1335//1335 1271//1271
f 1271//1271 1335//1335 1336//1336
f 1271//1271 1336//1336 1272//1272
f 1272//1272 1336//1336 1337//1337
f 1272//1272 1337//1337 1273//1273
f 1273//1273 1337//1337 1338//1338
f 1273//1273 1338//1338 1274//1274
f 1274//1274 1338//1338 1339//1339
f 1274//1274 1339//1339 1275//1275
f 1275//1275 1339//1339 1340//1340
f 1275//1275 1340//1340 1276//1276
f 1276//1276 1340//1340 1341//1341
f 1276//1276 1341//1341 1277//1277
f 1277//1277 1341//1341 1342//1342
f 1277//1277 1342//1342 1278//1278
f 1278//1278 1342//1342 1343//1343
f 1278//1278 1343//1343 1279//1279
f 1279//1279 1343//1343 1344//1344
f 1279//1279 1344//1344 1280//1280
f 1280//1280 1344//1344 1345//1345
f 1280//1280 1345//1345 1281//1281
f 1281//1281 1345//1345 1282//1282
f 1281//1281 1282//1282 1218//1218
f 1282//1282 1346//1346 1347//1347
f 1282//1282 1347//1347 1283//1283
f 1283//1283 1347//1347 1348//1348
f 1283//1283 1348//1348 1284//1284
f 1284//1284 1348//1348 1349//1349
f 1284//1284 1349//1349 1285//1285
f 1285//1285 1349//1349 1350//1350
f 1285//1285 1350//1350 1286//1286
f 1286//1286 1350//1350 1351//1351
f 1286//1286 1351//1351 1287//1287
f 1287//1287 1351//1351 1352//1352
f 1287//1287 1352//1352 1288//1288
f 1288//1288 1352//1352 1353//1353
f 1288//1288 1353//1353 1289//1289
f 1289//1289 1353//1353 1354//1354
f 1289//1289 1354//1354 1290//1290
f 1290//1290 1354//1354 1355//1355
f 1290//1290 1355//1355 1291//1291
f 1291//1291 1355//1355 1356//1356
f 1291//1291 1356//1356 1292//1292
f 1292//1292 1356//1356 1357//1357
f 1292//1292 1357//1357 1293//1293
f 1293//1293 1357//1357 1358//1358
f 1293//1293 1358//1358 1294//1294
f 1294//1294 1358//1358 1359//1359
f 1294//1294 1359//1359 1295//1295
f 1295//1295 1359//1359 1360//1360
f 1295//1295 1360//1360 1296//1296
f 1296//1296 1360//1360 1361//1361
f 1296//1296 1361//1361 1297//1297
f 1297//1297 1361//1361 1362//1362
f 1297//1297 1362//1362 1298//1298
f 1298//1298 1362//1362 1363//1363
f 1298//1298 1363//1363 1299//1299
f 1299//1299 1363//1363 1364//1364
f 1299//1299 1364//1364 1300//1300
f 1300//1300 1364//1364 1365//1365
f 1300//1300 1365//1365 1301//1301
f 1301//1301 1365//1365 1366//1366
f 1301//1301 1366//1366 1302//1302
f 1302//1302 1366//1366 1367//1367
f 1302//1302 1367//1367 1303//1303
f 1303//1303 1367//1367 1368//1368
f 1303//1303 1368//1368 1304//1304
f 1304//1304 1368//1368 1369//1369
f 1304//1304 1369//1369 1305//1305
f 1305//1305 1369//1369 1370//1370
f 1305//1305 1370//1370 1306//1306
f 1306//1306 1370//1370 1371//1371
f 1306//1306 1371//1371 1307//1307
f 1307//1307 1371//1371 1372//1372
f 1307//1307 1372//1372 1308//1308
f 1308//1308 1372//1372 1373//1373
f 1308//1308 1373//1373 1309//1309
f 1309//1309 1373//1373 1374//1374
f 1309//1309 1374//1374 1310//1310
f 1310//1310 1374//1374 1375//1375
f 1310//1310 1375//1375 1311//1311
f 1311//1311 1375//1375 1376//1376
f 1311//1311 1376//1376 1312//1312
f 1312//1312 1376//1376 1377//1377
f 1312//1312 1377//1377 1313//1313
f 1313//1313 1377//1377 1378//1378
f 1313//1313 1378//1378 1314//1314
f 1314//1314 1378//1378 1379//1379
f 1314//1314 1379//1379 1315//1315
f 1315//1315 1379//1379 1380//1380
f 1315//1315 1380//1380 1316//1316
f 1316//1316 1380//1380 1381//1381
f 1316//1316 1381//1381 1317//1317
f 1317//1317 1381//1381 1382//1382
f 1317//1317 1382//1382 1318//1318
f 1318//1318 1382//1382 1383//1383
f 1318//1318 1383//1383 1319//1319
f 1319//1319 1383//1383 1384//1384
f 1319//1319 1384//1384 1320//1320
f 1320//1320 1384//1384 1385//1385
f 1320//1320 1385//1385 1321//1321
f 1321//1321 1385//1385 1386//1386
f 1321//1321 1386//1386 1322//1322
f 1322//1322 1386//1386 1387//1387
f 1322//1322 1387//1387 1323//1323
f 1323//1323 1387//1387 1388//1388
f 1323//1323 1388//1388 1324//1324
f 1324//1324 1388//1388 1389//1389
f 1324//1324 1389//1389 1325//1325
f 1325//1325 1389//1389 1390//1390
f 1325//1325 1390//1390 1326//1326
f 1326//1326 1390//1390 1391//1391
f 1326//1326 1391//1391 1327//1327
f 1327//1327 1391//1391 1392//1392
f 1327//1327 1392//1392 1328//1328
f 1328//1328 1392//1392 1393//1393
f 1328//1328 1393//1393 1329//1329
f 1329//1329 1393//1393 1394//1394
f 1329//1329 1394//1394 1330//1330
f 1330//1330 1394//1394 1395//1395
f 1330//1330 1395//1395 1331//1331
f 1331//1331 1395//1395 1396//1396
f 1331//1331 1396//1396 1332//1332
f 1332//1332 1396//1396 1397//1397
f 1332//1332 1397//1397 1333//1333
f 1333//1333 1397//1397 1398//1398
f 1333//1333 1398//1398 1334//1334
f 1334//1334 1398//1398 1399//1399
f 1334//1334 1399//1399 1335//1335
f 1335//1335 1399//1399 1400//1400
f 1335//1335 1400//1400 1336//1336
f 1336//1336 1400//1400 1401//1401
f 1336//1336 1401//1401 1337//1337
f 1337//1337 1401//1401 1402//1402
f 1337//1337 1402//1402 1338//1338
f 1338//1338 1402//1402 1403//1403
f 1338//1338 1403//1403 1339//1339
f 1339//1339 1403//1403 1404//1404
f 1339//1339 1404//1404 1340//1340
f 1340//1340 1404//1404 1405//1405
f 1340//1340 1405//1405 1341//1341
f 1341//1341 1405//1405 1406//1406
f 1341//1341 1406//1406 1342//1342
f 1342//1342 1406//1406 1407//1407
f 1342//1342 1407//1407 1343//1343
f 1343//1343 1407//1407 1408//1408
f 1343//1343 1408//1408 1344//1344
f 1344//1344 1408//1408 1409//1409
f 1344//1344 1409//1409 1345//1345
f 1345//1345 1409//1409 1346//1346
f 1345//1345 1346//1346 1282//1282
f 1346//1346 1410//1410 1411//1411
f 1346//1346 1411//1411 1347//1347
f 1347//1347 1411//1411 1412//1412
f 1347//1347 1412//1412 1348//1348
f 1348//1348 1412//1412 1413//1413
f 1348//1348 1413//1413 1349//1349
f 1349//1349 1413//1413 1414//1414
f 1349//1349 1414//1414 1350//1350
f 1350//1350 1414//1414 1415//1415
f 1350//1350 1415//1415 1351//1351
f 1351//1351 1415//1415 1416//1416
f 1351//1351 1416//1416 1352//1352
f 1352//1352 1416//1416 1417//1417
f 1352//1352 1417//1417 1353//1353
f 1353//1353 1417//1417 1418//1418
f 1353//1353 1418//1418 1354//1354
f 1354//1354 1418//1418 1419//1419
f 1354//1354 1419//1419 1355//1355
f 1355//1355 1419//1419 1420//1420
f 1355//1355 1420//1420 1356//1356
f 1356//1356 1420//1420 1421//1421
f 1356//1356 1421//1421 1357//1357
f 1357//1357 1421//1421 1422//1422
f 1357//1357 1422//1422 1358//1358
f 1358//1358 1422//1422 1423//1423
f 1358//1358 1423//1423 1359//1359
f 1359//1359 1423//1423 1424//1424
f 1359//1359 1424//1424 1360//1360
f 1360//1360 1424//1424 1425//1425
f 1360//1360 1425//1425 1361//1361
f 1361//1361 1425//1425 1426//1426
f 1361//1361 1426//1426 1362//1362
f 1362//1362 1426//1426 1427//1427
f 1362//1362 1427//1427 1363//1363
f 1363//1363 1427//1427 1428//1428
f 1363//1363 1428//1428 1364//1364
f 1364//1364 1428//1428 1429//1429
f 1364//1364 1429//1429 1365//1365
f 1365//1365 1429//1429 1430//1430
f 1365//1365 1430//1430 1366//1366
f 1366//1366 1430//1430 1431//1431
f 1366//1366 1431//1431 1367//1367
f 1367//1367 1431//1431 1432//1432
f 1367//1367 1432//1432 1368//1368
f 1368//1368 1432//1432 1433//1433
f 1368//1368 1433//1433 1369//1369
f 1369//1369 1433//1433 1434//1434
f 1369//1369 1434//1434 1370//1370
f 1370//1370 1434//1434 1435//1435
f 1370//1370 1435//1435 1371//1371
f 1371//1371 1435//1435 1436//1436
f 1371//1371 1436//1436 1372//1372
f 1372//1372 1436//1436 1437//1437
f 1372//1372 1437//1437 1373//1373
f 1373//1373 1437//1437 1438//1438
f 1373//1373 1438//1438 1374//1374
f 1374//1374 1438//1438 1439//1439
f 1374//1374 1439//1439 1375//1375
f 1375//1375 1439//1439 1440//1440
f 1375//1375 1440//1440 1376//1376
f 1376//1376 1440//1440 1441//1441
f 1376//1376 1441//1441 1377//1377
f 1377//1377 1441//1441 1442//1442
f 1377//1377 1442//1442 1378//1378
f 1378//1378 1442//1442 1443//1443
f 1378//1378 1443//1443 1379//1379
f 1379//1379 1443//1443 1444//1444
f 1379//1379 1444//1444 1380//1380
f 1380//1380 1444//1444 1445//1445
f 1380//1380 1445//1445 1381//1381
f 1381//1381 1445//1445 1446//1446
f 1381//1381 1446//1446 1382//1382
f 1382//1382 1446//1446 1447//1447
f 1382//1382 1447//1447 1383//1383
f 1383//1383 1447//1447 1448//1448
f 1383//1383 1448//1448 1384//1384
f 1384//1384 1448//1448 1449//1449
f 1384//1384 1449//1449 1385//1385
f 1385//1385 1449//1449 1450//1450
f 1385//1385 1450//1450 1386//1386
f 1386//1386 1450//1450 1451//1451
f 1386//1386 1451//1451 1387//1387
f 1387//1387 1451//1451 1452//1452
f 1387//1387 1452//1452 1388//1388
f 1388//1388 1452//1452 1453//1453
f 1388//1388 1453//1453 1389//1389
f 1389//1389 1453//1453 1454//1454
f 1389//1389 1454//1454 1390//1390
f 1390//1390 1454//1454 1455//1455
f 1390//1390 1455//1455 1391//1391
f 1391//1391 1455//1455 1456//1456
f 1391//1391 1456//1456 1392//1392
f 1392//1392 1456//1456 1457//1457
f 1392//1392 1457//1457 1393//1393
f 1393//1393 1457//1457 1458//1458
f 1393//1393 1458//1458 1394//1394
f 1394//1394 1458//1458 1459//1459
f 1394//1394 1459//1459 1395//1395
f 1395//1395 1459//1459 1460//1460
f 1395//1395 1460//1460 1396//1396
f 1396//1396 1460//1460 1461//1461
f 1396//1396 1461//1461 1397//1397
f 1397//1397 1461//1461 1462//1462
f 1397//1397 1462//1462 1398//1398
f 1398//1398 1462//1462 1463//1463
f 1398//1398 1463//1463 1399//1399
f 1399//1399 1463//1463 1464//1464
f 1399//1399 1464//1464 1400//1400
f 1400//1400 1464//1464 1465//1465
f 1400//1400 1465//1465 1401//1401
f 1401//1401 1465//1465 1466//1466
f 1401//1401 1466//1466 1402//1402
f 1402//1402 1466//1466 1467//1467
f 1402//1402 1467//1467 1403//1403
f 1403//1403 1467//1467 1468//1468
f 1403//1403 1468//1468 1404//1404
f 1404//1404 1468//1468 1469//1469
f 1404//1404 1469//1469 1405//1405
f 1405//1405 1469//1469 1470//1470
f 1405//1405 1470//1470 1406//1406
f 1406//1406 1470//1470 1471//1471
f 1406//1406 1471//1471 1407//1407
f 1407//1407 1471//1471 1472//1472
f 1407//1407 1472//1472 1408//1408
f 1408//1408 1472//1472 1473//1473
f 1408//1408 1473//1473 1409//1409
f 1409//1409 1473//1473 1410//1410
f 1409//1409 1410//1410 1346//1346
f 1410//1410 1474//1474 1475//1475
f 1410//1410 1475//1475 1411//1411
f 1411//1411 1475//1475 1476//1476
f 1411//1411 1476//1476 1412//1412
f 1412//1412 1476//1476 1477//1477
f 1412//1412 1477//1477 1413//1413
f 1413//1413 1477//1477 1478//1478
f 1413//1413 1478//1478 1414//1414
f 1414//1414 1478//1478 1479//1479
f 1414//1414 1479//1479 1415//1415
f 1415//1415 1479//1479 1480//1480
f 1415//1415 1480//1480 1416//1416
f 1416//1416 1480//1480 1481//1481
f 1416//1416 1481//1481 1417//1417
f 1417//1417 1481//1481 1482//1482
f 1417//1417 1482//1482 1418//1418
f 1418//1418 1482//1482 1483//1483
f 1418//1418 1483//1483 1419//1419
f 1419//1419 1483//1483 1484//1484
f 1419//1419 1484//1484 1420//1420
f 1420//1420 1484//1484 1485//1485
f 1420//1420 1485//1485 1421//1421
f 1421//1421 1485//1485 1486//1486
f 1421//1421 1486//1486 1422//1422
f 1422//1422 1486//1486 1487//1487
f 1422//1422 1487//1487 1423//1423
f 1423//1423 1487//1487 1488//1488
f 1423//1423 1488//1488 1424//1424
f 1424//1424 1488//1488 1489//1489
f 1424//1424 1489//1489 1425//1425
f 1425//1425 1489//1489 1490//1490
f 1425//1425 1490//1490 1426//1426
f 1426//1426 1490//1490 1491//1491
f 1426//1426 1491//1491 1427//1427
f 1427//1427 1491//1491 1492//1492
f 1427//1427 1492//1492 1428//1428
f 1428//1428 1492//1492 1493//1493
f 1428//1428 1493//1493 1429//1429
f 1429//1429 1493//1493 1494//1494
f 1429//1429 1494//1494 1430//1430
f 1430//1430 1494//1494 1495//1495
f 1430//1430 1495//1495 1431//1431
f 1431//1431 1495//1495 1496//1496
f 1431//1431 1496//1496 1432//1432
f 1432//1432 1496//1496 1497//1497
f 1432//1432 1497//1497 1433//1433
f 1433//1433 1497//1497 1498//1498
f 1433//1433 1498//1498 1434//1434
f 1434//1434 1498//1498 1499//1499
f 1434//1434 1499//1499 1435//1435
f 1435//1435 1499//1499 1500//1500
f 1435//1435 1500//1500 1436//1436
f 1436//1436 1500//1500 1501//1501
f 1436//1436 1501//1501 1437//1437
f 1437//1437 1501//1501 1502//1502
f 1437//1437 1502//1502 1438//1438
f 1438//1438 1502//1502 1503//1503
f 1438//1438 1503//1503 1439//1439
f 1439//1439 1503//1503 1504//1504
f 1439//1439 1504//1504 1440//1440
f 1440//1440 1504//1504 1505//1505
f 1440//1440 1505//1505 1441//1441
f 1441//1441 1505//1505 1506//1506
f 1441//1441 1506//1506 1442//1442
f 1442//1442 1506//1506 1507//1507
f 1442//1442 1507//1507 1443//1443
f 1443//1443 1507//1507 1508//1508
f 1443//1443 1508//1508 1444//1444
f 1444//1444 1508//1508 1509//1509
f 1444//1444 1509//1509 1445//1445
f 1445//1445 1509//1509 1510//1510
f 1445//1445 1510//1510 1446//1446
f 1446//1446 1510//1510 1511//1511
f 1446//1446 1511//1511 1447//1447
f 1447//1447 1511//1511 1512//1512
f 1447//1447 1512//1512 1448//1448
f 1448//1448 1512//1512 1513//1513
f 1448//1448 1513//1513 1449//1449
f 1449//1449 1513//1513 1514//1514
f 1449//1449 1514//1514 1450//1450
f 1450//1450 1514//1514 1515//1515
f 1450//1450 1515//1515 1451//1451
f 1451//1451 1515//1515 1516//1516
f 1451//1451 1516//1516 1452//1452
f 1452//1452 1516//1516 1517//1517
f 1452//1452 1517//1517 1453//1453
f 1453//1453 1517//1517 1518//1518
f 1453//1453 1518//1518 1454//1454
f 1454//1454 1518//1518 1519//1519
f 1454//1454 1519//1519 1455//1455
f 1455//1455 1519//1519 1520//1520
f 1455//1455 1520//1520 1456//1456
f 1456//1456 1520//1520 1521//1521
f 1456//1456 1521//1521 1457//1457
f 1457//1457 1521//1521 1522//1522
f 1457//1457 1522//1522 1458//1458
f 1458//1458 1522//1522 1523//1523
f 1458//1458 1523//1523 1459//1459
f 1459//1459 1523//1523 1524//1524
f 1459//1459 1524//1524 1460//1460
f 1460//1460 1524//1524 1525//1525
f 1460//1460 1525//1525 1461//1461
f 1461//1461 1525//1525 1526//1526
f 1461//1461 1526//1526 1462//1462
f 1462//1462 1526//1526 1527//1527
f 1462//1462 1527//1527 1463//1463
f 1463//1463 1527//1527 1528//1528
f 1463//1463 1528//1528 1464//1464
f 1464//1464 1528//1528 1529//1529
f 1464//1464 1529//1529 1465//1465
f 1465//1465 1529//1529 1530//1530
f 1465//1465 1530//1530 1466//1466
f 1466//1466 1530//1530 1531//1531
f 1466//1466 1531//1531 1467//1467
f 1467//1467 1531//1531 1532//1532
f 1467//1467 1532//1532 1468//1468
f 1468//1468 1532//1532 1533//1533
f 1468//1468 1533//1533 1469//1469
f 1469//1469 1533//1533 1534//1534
f 1469//1469 1534//1534 1470//1470
f 1470//1470 1534//1534 1535//1535
f 1470//1470 1535//1535 1471//1471
f 1471//1471 1535//1535 1536//1536
f 1471//1471 1536//1536 1472//1472
f 1472//1472 1536//1536 1537//1537
f 1472//1472 1537//1537 1473//1473
f 1473//1473 1537//1537 1474//1474
f 1473//1473 1474//1474 1410//1410
